city,date,year,month,urban_temp_c,rural_temp_c,uhi_index,threshold_p90,severity
Ahmedabad,2000-09-05,2000,9,34.39,32.73,1.6615,1.1479,HIGH
Ahmedabad,2001-08-13,2001,8,29.77,24.62,5.1503,1.1479,CRITICAL
Ahmedabad,2001-08-21,2001,8,31.33,29.84,1.4942,1.1479,HIGH
Ahmedabad,2003-09-22,2003,9,32.56,30.84,1.719,1.1479,HIGH
Ahmedabad,2004-09-13,2004,9,35.6,34.05,1.5452,1.1479,HIGH
Ahmedabad,2005-08-21,2005,8,32.3,29.82,2.4795,1.1479,CRITICAL
Ahmedabad,2008-01-25,2008,1,27.34,26.17,1.1643,1.1479,MODERATE
Ahmedabad,2008-02-10,2008,2,30.0,28.84,1.1677,1.1479,MODERATE
Ahmedabad,2008-02-18,2008,2,32.35,31.14,1.2089,1.1479,MODERATE
Ahmedabad,2008-02-26,2008,2,35.75,34.47,1.2732,1.1479,MODERATE
Ahmedabad,2008-03-05,2008,3,35.64,34.44,1.1978,1.1479,MODERATE
Ahmedabad,2008-03-21,2008,3,39.88,38.69,1.1943,1.1479,MODERATE
Ahmedabad,2009-07-28,2009,7,33.98,32.76,1.2233,1.1479,MODERATE
Ahmedabad,2009-08-13,2009,8,37.53,31.67,5.86,1.1479,CRITICAL
Ahmedabad,2009-08-21,2009,8,35.12,33.68,1.44,1.1479,HIGH
Ahmedabad,2010-02-02,2010,2,31.15,29.94,1.2105,1.1479,MODERATE
Ahmedabad,2010-02-10,2010,2,31.18,29.97,1.2119,1.1479,MODERATE
Ahmedabad,2010-11-09,2010,11,33.47,31.71,1.7579,1.1479,CRITICAL
Ahmedabad,2010-11-17,2010,11,32.93,31.59,1.3412,1.1479,MODERATE
Ahmedabad,2011-02-02,2011,2,30.89,29.73,1.1614,1.1479,MODERATE
Ahmedabad,2011-02-10,2011,2,31.65,30.47,1.1772,1.1479,MODERATE
Ahmedabad,2011-02-18,2011,2,32.36,31.07,1.2872,1.1479,MODERATE
Ahmedabad,2011-02-26,2011,2,34.34,33.16,1.1715,1.1479,MODERATE
Ahmedabad,2011-03-06,2011,3,37.28,36.1,1.1865,1.1479,MODERATE
Ahmedabad,2011-09-22,2011,9,33.06,31.88,1.1811,1.1479,MODERATE
Ahmedabad,2012-02-18,2012,2,33.08,31.79,1.2864,1.1479,MODERATE
Ahmedabad,2012-03-21,2012,3,39.95,38.34,1.6113,1.1479,HIGH
Ahmedabad,2013-01-25,2013,1,28.66,27.49,1.1724,1.1479,MODERATE
Ahmedabad,2013-02-02,2013,2,28.08,26.65,1.4272,1.1479,HIGH
Ahmedabad,2013-02-18,2013,2,31.88,30.67,1.2175,1.1479,MODERATE
Ahmedabad,2014-01-25,2014,1,28.73,27.49,1.2418,1.1479,MODERATE
Ahmedabad,2015-02-10,2015,2,32.11,30.78,1.3273,1.1479,MODERATE
Ahmedabad,2015-08-21,2015,8,32.82,31.48,1.3355,1.1479,MODERATE
Ahmedabad,2015-08-29,2015,8,36.9,33.75,3.1537,1.1479,CRITICAL
Ahmedabad,2015-09-06,2015,9,36.55,34.73,1.8203,1.1479,CRITICAL
Ahmedabad,2015-09-30,2015,9,35.31,34.05,1.2562,1.1479,MODERATE
Ahmedabad,2016-08-12,2016,8,33.47,25.71,7.7575,1.1479,CRITICAL
Ahmedabad,2017-01-25,2017,1,30.64,29.38,1.2635,1.1479,MODERATE
Ahmedabad,2017-02-02,2017,2,30.45,29.11,1.3382,1.1479,MODERATE
Ahmedabad,2017-02-18,2017,2,34.97,33.67,1.307,1.1479,MODERATE
Ahmedabad,2017-08-13,2017,8,32.46,31.15,1.3068,1.1479,MODERATE
Ahmedabad,2017-09-14,2017,9,32.71,30.27,2.4443,1.1479,CRITICAL
Ahmedabad,2018-01-25,2018,1,29.64,28.43,1.2105,1.1479,MODERATE
Ahmedabad,2018-02-10,2018,2,31.23,29.85,1.38,1.1479,HIGH
Ahmedabad,2018-03-06,2018,3,37.43,36.23,1.2007,1.1479,MODERATE
Ahmedabad,2019-01-01,2019,1,28.38,27.19,1.1883,1.1479,MODERATE
Ahmedabad,2019-01-09,2019,1,27.4,26.2,1.2016,1.1479,MODERATE
Ahmedabad,2019-01-17,2019,1,29.23,28.01,1.2143,1.1479,MODERATE
Ahmedabad,2019-01-25,2019,1,26.98,25.6,1.3803,1.1479,HIGH
Ahmedabad,2019-02-02,2019,2,27.24,26.05,1.1946,1.1479,MODERATE
Ahmedabad,2019-02-10,2019,2,30.61,29.34,1.2764,1.1479,MODERATE
Ahmedabad,2019-02-18,2019,2,34.6,33.09,1.5052,1.1479,HIGH
Ahmedabad,2019-02-26,2019,2,32.76,31.36,1.4,1.1479,HIGH
Ahmedabad,2019-03-14,2019,3,38.04,36.72,1.3114,1.1479,MODERATE
Ahmedabad,2019-03-22,2019,3,41.57,40.39,1.1845,1.1479,MODERATE
Ahmedabad,2020-01-17,2020,1,27.01,25.76,1.2538,1.1479,MODERATE
Ahmedabad,2020-01-25,2020,1,28.24,26.8,1.445,1.1479,HIGH
Ahmedabad,2020-02-02,2020,2,27.96,26.55,1.4197,1.1479,HIGH
Ahmedabad,2020-02-10,2020,2,31.18,29.82,1.3594,1.1479,MODERATE
Ahmedabad,2020-02-18,2020,2,32.7,30.95,1.7507,1.1479,CRITICAL
Ahmedabad,2020-02-26,2020,2,33.67,32.32,1.3492,1.1479,MODERATE
Ahmedabad,2020-03-13,2020,3,35.81,33.39,2.4281,1.1479,CRITICAL
Ahmedabad,2020-03-21,2020,3,37.43,36.15,1.2809,1.1479,MODERATE
Ahmedabad,2020-06-17,2020,6,35.97,32.01,3.9581,1.1479,CRITICAL
Ahmedabad,2021-01-17,2021,1,29.12,27.95,1.1733,1.1479,MODERATE
Ahmedabad,2021-01-25,2021,1,26.87,25.7,1.1731,1.1479,MODERATE
Ahmedabad,2021-02-02,2021,2,28.74,27.38,1.3543,1.1479,MODERATE
Ahmedabad,2021-02-10,2021,2,31.23,29.54,1.6957,1.1479,HIGH
Ahmedabad,2021-02-18,2021,2,33.7,32.29,1.4143,1.1479,HIGH
Ahmedabad,2021-02-26,2021,2,36.28,34.83,1.4554,1.1479,HIGH
Ahmedabad,2021-03-14,2021,3,36.47,35.25,1.223,1.1479,MODERATE
Ahmedabad,2021-06-10,2021,6,38.53,36.01,2.5202,1.1479,CRITICAL
Ahmedabad,2022-01-01,2022,1,28.56,27.0,1.563,1.1479,HIGH
Ahmedabad,2022-01-17,2022,1,28.14,26.94,1.2035,1.1479,MODERATE
Ahmedabad,2022-02-10,2022,2,30.88,29.7,1.1815,1.1479,MODERATE
Ahmedabad,2022-02-18,2022,2,33.17,31.95,1.2176,1.1479,MODERATE
Ahmedabad,2022-02-26,2022,2,34.46,33.3,1.1591,1.1479,MODERATE
Ahmedabad,2022-08-21,2022,8,29.13,27.54,1.5863,1.1479,HIGH
Ahmedabad,2022-09-22,2022,9,32.48,29.54,2.9437,1.1479,CRITICAL
Ahmedabad,2023-01-17,2023,1,25.99,24.46,1.5289,1.1479,HIGH
Ahmedabad,2023-02-02,2023,2,29.88,28.6,1.2789,1.1479,MODERATE
Ahmedabad,2023-02-10,2023,2,32.09,30.72,1.3709,1.1479,MODERATE
Ahmedabad,2023-02-18,2023,2,33.56,31.94,1.6153,1.1479,HIGH
Ahmedabad,2023-02-26,2023,2,34.4,33.17,1.2228,1.1479,MODERATE
Ahmedabad,2023-03-14,2023,3,34.91,33.26,1.6574,1.1479,HIGH
Ahmedabad,2023-08-21,2023,8,31.67,29.93,1.7396,1.1479,CRITICAL
Ahmedabad,2023-08-29,2023,8,33.58,32.31,1.2618,1.1479,MODERATE
Ahmedabad,2024-02-02,2024,2,28.73,27.41,1.3169,1.1479,MODERATE
Ahmedabad,2024-02-10,2024,2,29.23,27.63,1.601,1.1479,HIGH
Ahmedabad,2024-02-18,2024,2,31.28,30.01,1.2641,1.1479,MODERATE
Ahmedabad,2024-02-26,2024,2,30.55,29.22,1.3277,1.1479,MODERATE
Ahmedabad,2024-03-05,2024,3,33.67,32.28,1.3806,1.1479,HIGH
Bangalore,2000-10-07,2000,10,29.31,28.7,0.6134,0.2742,CRITICAL
Bangalore,2000-10-15,2000,10,28.29,27.9,0.3887,0.2742,HIGH
Bangalore,2000-11-08,2000,11,28.94,28.64,0.2999,0.2742,MODERATE
Bangalore,2000-11-24,2000,11,30.19,29.58,0.6163,0.2742,CRITICAL
Bangalore,2001-03-30,2001,3,39.7,39.19,0.5088,0.2742,CRITICAL
Bangalore,2001-10-24,2001,10,28.79,28.3,0.4876,0.2742,CRITICAL
Bangalore,2002-08-21,2002,8,31.47,30.98,0.4897,0.2742,CRITICAL
Bangalore,2002-09-14,2002,9,33.49,32.24,1.2478,0.2742,CRITICAL
Bangalore,2002-09-22,2002,9,37.57,36.75,0.8181,0.2742,CRITICAL
Bangalore,2003-06-10,2003,6,33.06,32.52,0.5417,0.2742,CRITICAL
Bangalore,2003-08-29,2003,8,28.8,28.03,0.7664,0.2742,CRITICAL
Bangalore,2004-05-24,2004,5,29.48,28.71,0.7618,0.2742,CRITICAL
Bangalore,2004-09-29,2004,9,30.98,30.53,0.4504,0.2742,CRITICAL
Bangalore,2004-10-23,2004,10,28.17,27.54,0.6355,0.2742,CRITICAL
Bangalore,2004-10-31,2004,10,26.51,26.03,0.4827,0.2742,CRITICAL
Bangalore,2005-06-18,2005,6,35.92,33.51,2.41,0.2742,CRITICAL
Bangalore,2005-07-04,2005,7,29.88,29.18,0.6999,0.2742,CRITICAL
Bangalore,2005-10-08,2005,10,28.79,28.03,0.7606,0.2742,CRITICAL
Bangalore,2005-10-16,2005,10,28.64,27.74,0.8937,0.2742,CRITICAL
Bangalore,2005-11-09,2005,11,27.84,27.54,0.3082,0.2742,MODERATE
Bangalore,2005-11-25,2005,11,26.48,25.79,0.6818,0.2742,CRITICAL
Bangalore,2005-12-19,2005,12,27.74,27.31,0.4253,0.2742,CRITICAL
Bangalore,2006-11-01,2006,11,28.69,28.32,0.371,0.2742,HIGH
Bangalore,2006-11-09,2006,11,30.52,30.23,0.2895,0.2742,MODERATE
Bangalore,2007-10-16,2007,10,31.34,30.82,0.5222,0.2742,CRITICAL
Bangalore,2008-10-07,2008,10,29.96,29.63,0.3321,0.2742,HIGH
Bangalore,2008-10-23,2008,10,29.04,28.51,0.5282,0.2742,CRITICAL
Bangalore,2008-12-02,2008,12,27.92,27.48,0.4415,0.2742,CRITICAL
Bangalore,2009-03-22,2009,3,37.05,36.66,0.3948,0.2742,HIGH
Bangalore,2010-08-13,2010,8,30.72,28.59,2.1312,0.2742,CRITICAL
Bangalore,2010-10-16,2010,10,28.52,28.19,0.3315,0.2742,HIGH
Bangalore,2010-11-17,2010,11,28.08,26.42,1.6518,0.2742,CRITICAL
Bangalore,2010-12-03,2010,12,28.09,26.27,1.8159,0.2742,CRITICAL
Bangalore,2012-09-13,2012,9,33.45,33.08,0.3718,0.2742,HIGH
Bangalore,2012-10-07,2012,10,32.35,31.89,0.4627,0.2742,CRITICAL
Bangalore,2012-10-23,2012,10,29.32,28.89,0.4368,0.2742,CRITICAL
Bangalore,2012-10-31,2012,10,29.47,28.7,0.7691,0.2742,CRITICAL
Bangalore,2013-07-28,2013,7,28.11,27.59,0.5215,0.2742,CRITICAL
Bangalore,2013-09-30,2013,9,30.82,30.51,0.3149,0.2742,MODERATE
Bangalore,2013-10-08,2013,10,30.32,28.93,1.3867,0.2742,CRITICAL
Bangalore,2013-10-16,2013,10,30.2,29.1,1.0966,0.2742,CRITICAL
Bangalore,2013-11-01,2013,11,28.81,28.46,0.3494,0.2742,HIGH
Bangalore,2014-03-06,2014,3,34.79,34.18,0.6083,0.2742,CRITICAL
Bangalore,2014-10-08,2014,10,29.63,29.27,0.3622,0.2742,HIGH
Bangalore,2014-10-16,2014,10,28.4,28.09,0.3176,0.2742,MODERATE
Bangalore,2014-10-24,2014,10,26.47,25.74,0.726,0.2742,CRITICAL
Bangalore,2014-11-01,2014,11,28.56,27.9,0.6554,0.2742,CRITICAL
Bangalore,2014-11-09,2014,11,29.29,28.98,0.3003,0.2742,MODERATE
Bangalore,2014-11-17,2014,11,27.86,27.56,0.3049,0.2742,MODERATE
Bangalore,2014-12-11,2014,12,27.44,27.12,0.3146,0.2742,MODERATE
Bangalore,2015-08-21,2015,8,33.25,31.6,1.6497,0.2742,CRITICAL
Bangalore,2015-09-22,2015,9,31.07,30.28,0.7857,0.2742,CRITICAL
Bangalore,2015-10-08,2015,10,31.53,30.5,1.0327,0.2742,CRITICAL
Bangalore,2015-10-16,2015,10,31.46,30.87,0.5937,0.2742,CRITICAL
Bangalore,2015-10-24,2015,10,31.5,30.95,0.5521,0.2742,CRITICAL
Bangalore,2015-11-25,2015,11,27.88,27.49,0.3835,0.2742,HIGH
Bangalore,2016-10-07,2016,10,35.81,35.46,0.349,0.2742,HIGH
Bangalore,2017-09-06,2017,9,31.4,28.16,3.2477,0.2742,CRITICAL
Bangalore,2017-09-22,2017,9,31.72,31.27,0.4536,0.2742,CRITICAL
Bangalore,2017-10-08,2017,10,29.94,29.21,0.7322,0.2742,CRITICAL
Bangalore,2017-10-16,2017,10,29.39,28.41,0.9812,0.2742,CRITICAL
Bangalore,2017-10-24,2017,10,29.27,28.48,0.7918,0.2742,CRITICAL
Bangalore,2017-11-01,2017,11,28.78,28.22,0.5599,0.2742,CRITICAL
Bangalore,2017-11-09,2017,11,28.45,27.96,0.4845,0.2742,CRITICAL
Bangalore,2017-11-17,2017,11,28.47,28.05,0.4274,0.2742,CRITICAL
Bangalore,2018-09-30,2018,9,30.58,30.03,0.5448,0.2742,CRITICAL
Bangalore,2018-10-16,2018,10,29.42,28.63,0.7918,0.2742,CRITICAL
Bangalore,2019-09-22,2019,9,31.71,31.16,0.5465,0.2742,CRITICAL
Bangalore,2019-10-08,2019,10,29.09,28.73,0.3628,0.2742,HIGH
Bangalore,2019-11-01,2019,11,28.87,28.44,0.4344,0.2742,CRITICAL
Bangalore,2019-11-17,2019,11,29.87,29.48,0.3913,0.2742,HIGH
Bangalore,2019-12-19,2019,12,28.01,27.72,0.2928,0.2742,MODERATE
Bangalore,2020-06-25,2020,6,32.0,31.72,0.2807,0.2742,MODERATE
Bangalore,2020-09-21,2020,9,31.53,30.89,0.6399,0.2742,CRITICAL
Bangalore,2020-09-29,2020,9,29.85,28.88,0.9738,0.2742,CRITICAL
Bangalore,2020-10-07,2020,10,32.26,31.39,0.8743,0.2742,CRITICAL
Bangalore,2020-11-24,2020,11,27.39,27.04,0.348,0.2742,HIGH
Bangalore,2021-07-28,2021,7,30.35,29.67,0.6786,0.2742,CRITICAL
Bangalore,2021-09-06,2021,9,31.2,30.42,0.7804,0.2742,CRITICAL
Bangalore,2021-09-22,2021,9,30.42,28.6,1.8248,0.2742,CRITICAL
Bangalore,2021-09-30,2021,9,31.0,29.36,1.6345,0.2742,CRITICAL
Bangalore,2021-10-24,2021,10,27.41,26.96,0.4505,0.2742,CRITICAL
Bangalore,2021-11-17,2021,11,28.19,27.47,0.7144,0.2742,CRITICAL
Bangalore,2022-07-28,2022,7,29.55,28.4,1.1548,0.2742,CRITICAL
Bangalore,2022-08-29,2022,8,30.35,29.66,0.6952,0.2742,CRITICAL
Bangalore,2022-10-24,2022,10,28.44,27.71,0.7302,0.2742,CRITICAL
Bangalore,2022-11-01,2022,11,27.93,27.33,0.5976,0.2742,CRITICAL
Bangalore,2022-11-17,2022,11,25.7,25.36,0.334,0.2742,HIGH
Bangalore,2022-11-25,2022,11,26.69,26.42,0.2742,0.2742,MODERATE
Bangalore,2024-05-08,2024,5,32.54,32.04,0.4963,0.2742,CRITICAL
Bangalore,2024-05-16,2024,5,30.73,30.45,0.2829,0.2742,MODERATE
Bangalore,2024-11-24,2024,11,26.33,26.03,0.3033,0.2742,MODERATE
Chennai,2000-09-13,2000,9,36.08,35.05,1.037,1.037,MODERATE
Chennai,2000-10-15,2000,10,34.18,29.48,4.7026,1.037,CRITICAL
Chennai,2001-05-25,2001,5,40.4,39.27,1.1382,1.037,MODERATE
Chennai,2001-06-02,2001,6,40.87,39.6,1.2724,1.037,HIGH
Chennai,2001-07-04,2001,7,40.89,36.44,4.4501,1.037,CRITICAL
Chennai,2001-08-21,2001,8,41.16,36.78,4.3745,1.037,CRITICAL
Chennai,2001-11-09,2001,11,29.84,28.76,1.0825,1.037,MODERATE
Chennai,2002-01-01,2002,1,28.55,27.05,1.5012,1.037,HIGH
Chennai,2002-02-02,2002,2,31.87,29.38,2.4946,1.037,CRITICAL
Chennai,2002-06-10,2002,6,38.87,37.04,1.8268,1.037,CRITICAL
Chennai,2003-08-29,2003,8,36.93,35.73,1.1928,1.037,MODERATE
Chennai,2003-09-06,2003,9,36.39,35.21,1.1792,1.037,MODERATE
Chennai,2003-12-19,2003,12,28.28,26.98,1.3016,1.037,HIGH
Chennai,2003-12-27,2003,12,30.01,27.51,2.5005,1.037,CRITICAL
Chennai,2004-08-04,2004,8,35.67,33.63,2.0353,1.037,CRITICAL
Chennai,2004-09-29,2004,9,36.87,33.84,3.0389,1.037,CRITICAL
Chennai,2004-10-15,2004,10,35.19,32.04,3.1467,1.037,CRITICAL
Chennai,2004-12-10,2004,12,30.04,28.96,1.0826,1.037,MODERATE
Chennai,2005-04-07,2005,4,34.93,33.85,1.0826,1.037,MODERATE
Chennai,2005-07-04,2005,7,39.57,37.01,2.5584,1.037,CRITICAL
Chennai,2005-12-11,2005,12,30.31,27.09,3.22,1.037,CRITICAL
Chennai,2006-04-15,2006,4,37.82,36.45,1.3726,1.037,HIGH
Chennai,2006-12-03,2006,12,31.62,28.14,3.4761,1.037,CRITICAL
Chennai,2007-06-02,2007,6,41.53,40.0,1.5296,1.037,HIGH
Chennai,2008-03-13,2008,3,32.2,31.15,1.0524,1.037,MODERATE
Chennai,2008-06-25,2008,6,28.91,27.39,1.5167,1.037,HIGH
Chennai,2009-11-17,2009,11,31.38,29.04,2.3334,1.037,CRITICAL
Chennai,2009-12-19,2009,12,29.05,26.85,2.2033,1.037,CRITICAL
Chennai,2010-01-09,2010,1,31.24,29.13,2.1161,1.037,CRITICAL
Chennai,2010-04-23,2010,4,41.93,38.91,3.0231,1.037,CRITICAL
Chennai,2010-11-17,2010,11,29.89,28.02,1.8679,1.037,CRITICAL
Chennai,2010-11-25,2010,11,30.25,27.3,2.9485,1.037,CRITICAL
Chennai,2010-12-27,2010,12,28.86,27.7,1.1603,1.037,MODERATE
Chennai,2011-01-25,2011,1,31.68,28.34,3.3335,1.037,CRITICAL
Chennai,2011-07-12,2011,7,39.66,35.27,4.3909,1.037,CRITICAL
Chennai,2011-11-25,2011,11,29.08,26.52,2.5588,1.037,CRITICAL
Chennai,2012-01-25,2012,1,29.93,28.7,1.2305,1.037,MODERATE
Chennai,2012-02-02,2012,2,31.08,29.89,1.1889,1.037,MODERATE
Chennai,2012-07-11,2012,7,39.34,37.44,1.8934,1.037,CRITICAL
Chennai,2012-08-28,2012,8,39.76,37.33,2.4311,1.037,CRITICAL
Chennai,2013-07-28,2013,7,33.9,32.11,1.7866,1.037,CRITICAL
Chennai,2013-09-22,2013,9,34.48,33.08,1.3957,1.037,HIGH
Chennai,2013-10-16,2013,10,35.77,32.87,2.8973,1.037,CRITICAL
Chennai,2013-12-11,2013,12,29.05,27.79,1.2626,1.037,HIGH
Chennai,2014-01-01,2014,1,30.31,29.14,1.1621,1.037,MODERATE
Chennai,2014-09-30,2014,9,36.39,34.46,1.9277,1.037,CRITICAL
Chennai,2014-10-24,2014,10,31.88,30.34,1.5379,1.037,HIGH
Chennai,2014-11-17,2014,11,29.73,28.15,1.5825,1.037,CRITICAL
Chennai,2015-04-23,2015,4,37.2,36.05,1.1529,1.037,MODERATE
Chennai,2015-07-12,2015,7,36.5,34.86,1.6386,1.037,CRITICAL
Chennai,2015-09-30,2015,9,35.53,34.39,1.1353,1.037,MODERATE
Chennai,2016-07-27,2016,7,35.88,34.68,1.2043,1.037,MODERATE
Chennai,2016-08-04,2016,8,36.54,35.15,1.3929,1.037,HIGH
Chennai,2016-08-12,2016,8,38.96,36.95,2.0148,1.037,CRITICAL
Chennai,2016-09-05,2016,9,38.16,36.51,1.6465,1.037,CRITICAL
Chennai,2016-09-29,2016,9,34.43,32.93,1.5074,1.037,HIGH
Chennai,2016-10-07,2016,10,36.38,35.18,1.2092,1.037,MODERATE
Chennai,2016-11-16,2016,11,33.11,31.88,1.226,1.037,MODERATE
Chennai,2017-02-26,2017,2,34.92,33.58,1.3407,1.037,HIGH
Chennai,2017-06-18,2017,6,38.82,37.52,1.2972,1.037,HIGH
Chennai,2017-07-20,2017,7,38.83,36.45,2.3845,1.037,CRITICAL
Chennai,2017-07-28,2017,7,39.57,36.54,3.0331,1.037,CRITICAL
Chennai,2017-09-22,2017,9,36.57,34.9,1.6627,1.037,CRITICAL
Chennai,2017-10-24,2017,10,34.91,30.64,4.2684,1.037,CRITICAL
Chennai,2017-12-27,2017,12,31.06,28.89,2.1729,1.037,CRITICAL
Chennai,2018-09-14,2018,9,36.06,33.27,2.796,1.037,CRITICAL
Chennai,2018-09-30,2018,9,36.14,33.08,3.0537,1.037,CRITICAL
Chennai,2018-10-08,2018,10,35.36,33.96,1.403,1.037,HIGH
Chennai,2018-10-24,2018,10,31.66,30.62,1.044,1.037,MODERATE
Chennai,2019-06-26,2019,6,41.29,38.72,2.5744,1.037,CRITICAL
Chennai,2019-08-29,2019,8,35.16,32.32,2.8407,1.037,CRITICAL
Chennai,2019-09-06,2019,9,37.84,34.02,3.8162,1.037,CRITICAL
Chennai,2019-09-22,2019,9,34.9,31.93,2.9704,1.037,CRITICAL
Chennai,2019-09-30,2019,9,33.81,32.35,1.4556,1.037,HIGH
Chennai,2019-12-03,2019,12,29.62,28.12,1.5027,1.037,HIGH
Chennai,2020-07-03,2020,7,39.85,38.44,1.4163,1.037,HIGH
Chennai,2020-07-27,2020,7,37.87,33.35,4.5174,1.037,CRITICAL
Chennai,2020-09-21,2020,9,36.04,34.54,1.4962,1.037,HIGH
Chennai,2020-11-08,2020,11,31.11,29.17,1.9454,1.037,CRITICAL
Chennai,2020-12-02,2020,12,28.63,27.3,1.3312,1.037,HIGH
Chennai,2021-05-25,2021,5,38.07,36.98,1.0896,1.037,MODERATE
Chennai,2021-07-28,2021,7,34.53,33.47,1.0646,1.037,MODERATE
Chennai,2021-08-21,2021,8,38.25,36.09,2.1571,1.037,CRITICAL
Chennai,2021-09-06,2021,9,34.87,33.37,1.5021,1.037,HIGH
Chennai,2021-12-27,2021,12,29.82,28.76,1.0582,1.037,MODERATE
Chennai,2022-11-01,2022,11,29.99,27.0,2.9851,1.037,CRITICAL
Chennai,2022-12-03,2022,12,31.28,28.87,2.4069,1.037,CRITICAL
Chennai,2022-12-11,2022,12,27.43,26.28,1.1551,1.037,MODERATE
Chennai,2023-07-12,2023,7,34.73,30.17,4.5622,1.037,CRITICAL
Chennai,2023-09-06,2023,9,34.56,33.45,1.115,1.037,MODERATE
Chennai,2023-09-22,2023,9,32.68,31.25,1.4292,1.037,HIGH
Chennai,2024-01-09,2024,1,29.21,27.79,1.4152,1.037,HIGH
Chennai,2024-08-20,2024,8,36.56,33.58,2.9757,1.037,CRITICAL
Delhi,2000-03-13,2000,3,28.49,27.06,1.4251,1.1264,HIGH
Delhi,2000-06-17,2000,6,36.55,33.83,2.7191,1.1264,CRITICAL
Delhi,2000-07-03,2000,7,37.42,35.48,1.9409,1.1264,CRITICAL
Delhi,2000-07-27,2000,7,28.89,25.89,2.9911,1.1264,CRITICAL
Delhi,2000-08-04,2000,8,35.51,34.16,1.3505,1.1264,MODERATE
Delhi,2000-09-05,2000,9,31.66,30.31,1.3523,1.1264,HIGH
Delhi,2000-09-13,2000,9,35.81,34.45,1.3583,1.1264,HIGH
Delhi,2001-03-06,2001,3,28.78,27.54,1.2375,1.1264,MODERATE
Delhi,2001-09-06,2001,9,34.69,33.25,1.4355,1.1264,HIGH
Delhi,2002-03-06,2002,3,25.67,24.43,1.2371,1.1264,MODERATE
Delhi,2002-03-14,2002,3,30.87,29.66,1.2113,1.1264,MODERATE
Delhi,2002-03-22,2002,3,37.41,36.27,1.1385,1.1264,MODERATE
Delhi,2002-03-30,2002,3,35.06,33.78,1.2856,1.1264,MODERATE
Delhi,2002-04-07,2002,4,38.93,37.66,1.2706,1.1264,MODERATE
Delhi,2002-07-20,2002,7,31.66,29.6,2.0623,1.1264,CRITICAL
Delhi,2002-08-29,2002,8,40.12,36.71,3.4116,1.1264,CRITICAL
Delhi,2003-06-10,2003,6,44.22,42.78,1.4305,1.1264,HIGH
Delhi,2003-06-26,2003,6,33.8,31.27,2.5299,1.1264,CRITICAL
Delhi,2004-06-17,2004,6,39.21,36.52,2.687,1.1264,CRITICAL
Delhi,2004-07-03,2004,7,38.15,36.83,1.3251,1.1264,MODERATE
Delhi,2004-07-19,2004,7,35.44,32.11,3.3303,1.1264,CRITICAL
Delhi,2004-09-21,2004,9,34.9,33.66,1.2336,1.1264,MODERATE
Delhi,2005-06-10,2005,6,43.91,42.4,1.512,1.1264,HIGH
Delhi,2005-06-18,2005,6,40.27,39.06,1.213,1.1264,MODERATE
Delhi,2005-07-20,2005,7,33.59,31.42,2.1736,1.1264,CRITICAL
Delhi,2006-02-18,2006,2,28.63,27.34,1.2834,1.1264,MODERATE
Delhi,2006-02-26,2006,2,28.62,27.18,1.445,1.1264,HIGH
Delhi,2006-06-26,2006,6,35.64,34.31,1.3321,1.1264,MODERATE
Delhi,2006-08-13,2006,8,37.27,35.28,1.9902,1.1264,CRITICAL
Delhi,2007-02-02,2007,2,23.37,22.19,1.1804,1.1264,MODERATE
Delhi,2007-03-06,2007,3,24.59,23.33,1.2659,1.1264,MODERATE
Delhi,2007-06-10,2007,6,31.45,28.28,3.173,1.1264,CRITICAL
Delhi,2007-08-21,2007,8,37.5,35.63,1.861,1.1264,CRITICAL
Delhi,2007-09-14,2007,9,35.75,34.49,1.2558,1.1264,MODERATE
Delhi,2008-01-25,2008,1,19.15,17.86,1.2897,1.1264,MODERATE
Delhi,2008-02-26,2008,2,28.01,26.87,1.1372,1.1264,MODERATE
Delhi,2008-03-05,2008,3,29.08,27.91,1.1698,1.1264,MODERATE
Delhi,2008-03-13,2008,3,32.43,30.96,1.471,1.1264,HIGH
Delhi,2008-03-21,2008,3,33.15,31.64,1.5008,1.1264,HIGH
Delhi,2008-03-29,2008,3,30.43,29.23,1.2009,1.1264,MODERATE
Delhi,2009-02-26,2009,2,26.92,25.72,1.1934,1.1264,MODERATE
Delhi,2009-03-06,2009,3,29.34,27.85,1.4873,1.1264,HIGH
Delhi,2009-06-26,2009,6,45.11,43.07,2.0444,1.1264,CRITICAL
Delhi,2009-07-04,2009,7,42.68,40.75,1.9323,1.1264,CRITICAL
Delhi,2010-01-25,2010,1,21.28,19.69,1.5972,1.1264,HIGH
Delhi,2010-02-26,2010,2,27.17,25.92,1.25,1.1264,MODERATE
Delhi,2010-03-06,2010,3,29.14,27.9,1.2332,1.1264,MODERATE
Delhi,2010-03-14,2010,3,33.25,31.87,1.3801,1.1264,HIGH
Delhi,2010-03-22,2010,3,36.27,34.96,1.3077,1.1264,MODERATE
Delhi,2010-08-29,2010,8,31.05,28.03,3.0228,1.1264,CRITICAL
Delhi,2011-03-06,2011,3,26.54,25.38,1.1545,1.1264,MODERATE
Delhi,2012-02-18,2012,2,25.05,22.27,2.7739,1.1264,CRITICAL
Delhi,2012-02-26,2012,2,25.46,24.23,1.2367,1.1264,MODERATE
Delhi,2012-03-05,2012,3,25.74,24.44,1.3032,1.1264,MODERATE
Delhi,2012-03-21,2012,3,29.12,27.87,1.2448,1.1264,MODERATE
Delhi,2012-03-29,2012,3,35.5,34.29,1.2049,1.1264,MODERATE
Delhi,2012-04-14,2012,4,38.01,36.71,1.3049,1.1264,MODERATE
Delhi,2013-08-29,2013,8,30.56,29.39,1.1681,1.1264,MODERATE
Delhi,2013-09-06,2013,9,33.74,32.15,1.5872,1.1264,HIGH
Delhi,2013-09-14,2013,9,35.14,33.93,1.2097,1.1264,MODERATE
Delhi,2014-03-30,2014,3,31.97,30.84,1.1264,1.1264,MODERATE
Delhi,2014-08-21,2014,8,37.25,35.79,1.4663,1.1264,HIGH
Delhi,2014-09-14,2014,9,33.81,32.36,1.4578,1.1264,HIGH
Delhi,2014-09-22,2014,9,35.77,34.6,1.1622,1.1264,MODERATE
Delhi,2014-09-30,2014,9,36.44,35.1,1.337,1.1264,MODERATE
Delhi,2014-10-08,2014,10,34.74,33.44,1.3009,1.1264,MODERATE
Delhi,2015-02-10,2015,2,22.97,21.54,1.4237,1.1264,HIGH
Delhi,2015-06-26,2015,6,36.46,34.92,1.5419,1.1264,HIGH
Delhi,2015-07-20,2015,7,30.5,29.05,1.4533,1.1264,HIGH
Delhi,2015-08-29,2015,8,33.53,32.35,1.1774,1.1264,MODERATE
Delhi,2015-09-06,2015,9,36.16,34.9,1.2657,1.1264,MODERATE
Delhi,2016-03-05,2016,3,26.86,25.58,1.2773,1.1264,MODERATE
Delhi,2016-05-24,2016,5,34.74,33.23,1.5134,1.1264,HIGH
Delhi,2016-06-09,2016,6,34.15,32.97,1.1859,1.1264,MODERATE
Delhi,2016-06-25,2016,6,38.11,35.41,2.7081,1.1264,CRITICAL
Delhi,2016-07-19,2016,7,31.87,30.2,1.6749,1.1264,HIGH
Delhi,2016-08-04,2016,8,37.54,30.8,6.7416,1.1264,CRITICAL
Delhi,2016-08-20,2016,8,31.58,29.98,1.6027,1.1264,HIGH
Delhi,2017-06-10,2017,6,39.29,37.67,1.6198,1.1264,HIGH
Delhi,2017-08-13,2017,8,33.96,32.6,1.3625,1.1264,HIGH
Delhi,2017-08-21,2017,8,35.31,34.06,1.2483,1.1264,MODERATE
Delhi,2018-02-18,2018,2,25.9,24.75,1.1512,1.1264,MODERATE
Delhi,2018-03-06,2018,3,30.86,29.58,1.2869,1.1264,MODERATE
Delhi,2018-03-14,2018,3,31.89,30.72,1.1741,1.1264,MODERATE
Delhi,2018-03-22,2018,3,34.79,33.53,1.2619,1.1264,MODERATE
Delhi,2018-06-18,2018,6,44.16,42.7,1.4591,1.1264,HIGH
Delhi,2018-08-05,2018,8,34.14,32.79,1.3404,1.1264,MODERATE
Delhi,2018-08-13,2018,8,36.67,33.83,2.8454,1.1264,CRITICAL
Delhi,2019-03-22,2019,3,31.22,29.97,1.253,1.1264,MODERATE
Delhi,2019-03-30,2019,3,35.39,34.19,1.2032,1.1264,MODERATE
Delhi,2019-06-26,2019,6,39.58,37.47,2.1154,1.1264,CRITICAL
Delhi,2019-08-29,2019,8,36.74,34.12,2.6165,1.1264,CRITICAL
Delhi,2019-09-14,2019,9,34.2,33.02,1.1781,1.1264,MODERATE
Delhi,2020-02-18,2020,2,24.12,22.72,1.3962,1.1264,HIGH
Delhi,2020-06-25,2020,6,37.29,36.06,1.2359,1.1264,MODERATE
Delhi,2020-08-28,2020,8,35.91,33.67,2.2369,1.1264,CRITICAL
Delhi,2021-02-10,2021,2,24.87,23.5,1.3782,1.1264,HIGH
Delhi,2021-07-04,2021,7,38.84,37.46,1.385,1.1264,HIGH
Delhi,2021-08-21,2021,8,28.94,27.38,1.5627,1.1264,HIGH
Delhi,2022-08-13,2022,8,31.35,29.59,1.7685,1.1264,CRITICAL
Delhi,2022-08-21,2022,8,35.5,34.0,1.5064,1.1264,HIGH
Delhi,2022-08-29,2022,8,34.83,33.42,1.4144,1.1264,HIGH
Delhi,2023-07-28,2023,7,30.31,27.92,2.3951,1.1264,CRITICAL
Delhi,2023-08-05,2023,8,30.92,29.33,1.5846,1.1264,HIGH
Delhi,2023-08-13,2023,8,33.56,31.14,2.4163,1.1264,CRITICAL
Delhi,2023-09-06,2023,9,35.22,33.85,1.3655,1.1264,HIGH
Hyderabad,2000-08-04,2000,8,33.59,33.3,0.2919,0.2109,HIGH
Hyderabad,2001-08-21,2001,8,30.19,29.84,0.3519,0.2109,CRITICAL
Hyderabad,2001-09-06,2001,9,34.6,32.05,2.5555,0.2109,CRITICAL
Hyderabad,2001-09-22,2001,9,32.02,31.63,0.3867,0.2109,CRITICAL
Hyderabad,2002-06-02,2002,6,40.23,39.91,0.327,0.2109,CRITICAL
Hyderabad,2002-08-21,2002,8,30.33,29.87,0.4593,0.2109,CRITICAL
Hyderabad,2002-09-06,2002,9,29.27,29.0,0.2726,0.2109,HIGH
Hyderabad,2002-10-08,2002,10,34.0,33.45,0.5466,0.2109,CRITICAL
Hyderabad,2003-08-13,2003,8,32.7,31.92,0.7789,0.2109,CRITICAL
Hyderabad,2003-09-30,2003,9,33.73,32.06,1.6697,0.2109,CRITICAL
Hyderabad,2003-10-08,2003,10,33.35,32.51,0.8414,0.2109,CRITICAL
Hyderabad,2003-10-16,2003,10,31.1,30.55,0.5467,0.2109,CRITICAL
Hyderabad,2003-10-24,2003,10,29.18,28.81,0.3677,0.2109,CRITICAL
Hyderabad,2003-11-01,2003,11,30.22,29.86,0.361,0.2109,CRITICAL
Hyderabad,2004-08-12,2004,8,33.26,32.27,0.9892,0.2109,CRITICAL
Hyderabad,2004-08-20,2004,8,32.49,31.6,0.8939,0.2109,CRITICAL
Hyderabad,2004-09-13,2004,9,32.2,31.8,0.4004,0.2109,CRITICAL
Hyderabad,2004-09-29,2004,9,35.04,34.82,0.2186,0.2109,MODERATE
Hyderabad,2004-10-15,2004,10,32.02,31.32,0.7026,0.2109,CRITICAL
Hyderabad,2004-10-31,2004,10,30.85,30.32,0.5266,0.2109,CRITICAL
Hyderabad,2005-06-10,2005,6,38.54,37.97,0.5612,0.2109,CRITICAL
Hyderabad,2005-08-13,2005,8,27.52,27.26,0.2601,0.2109,HIGH
Hyderabad,2005-09-14,2005,9,30.0,29.66,0.342,0.2109,CRITICAL
Hyderabad,2005-09-22,2005,9,29.23,28.58,0.651,0.2109,CRITICAL
Hyderabad,2005-11-01,2005,11,28.73,28.44,0.2931,0.2109,HIGH
Hyderabad,2006-09-14,2006,9,34.85,34.47,0.3724,0.2109,CRITICAL
Hyderabad,2007-06-10,2007,6,40.38,39.94,0.4458,0.2109,CRITICAL
Hyderabad,2007-07-04,2007,7,28.67,28.11,0.5558,0.2109,CRITICAL
Hyderabad,2007-08-05,2007,8,29.44,28.76,0.6759,0.2109,CRITICAL
Hyderabad,2007-08-13,2007,8,25.57,23.25,2.3217,0.2109,CRITICAL
Hyderabad,2007-09-06,2007,9,32.98,32.39,0.5896,0.2109,CRITICAL
Hyderabad,2007-09-14,2007,9,31.72,28.54,3.1797,0.2109,CRITICAL
Hyderabad,2007-09-30,2007,9,30.6,29.7,0.8985,0.2109,CRITICAL
Hyderabad,2007-10-08,2007,10,31.91,31.7,0.2109,0.2109,MODERATE
Hyderabad,2007-10-24,2007,10,31.48,30.83,0.6504,0.2109,CRITICAL
Hyderabad,2008-08-12,2008,8,28.9,28.68,0.2228,0.2109,MODERATE
Hyderabad,2008-09-13,2008,9,28.76,28.21,0.5481,0.2109,CRITICAL
Hyderabad,2008-09-21,2008,9,29.85,29.43,0.4231,0.2109,CRITICAL
Hyderabad,2009-09-22,2009,9,34.31,33.96,0.3511,0.2109,CRITICAL
Hyderabad,2010-07-12,2010,7,32.76,30.69,2.0676,0.2109,CRITICAL
Hyderabad,2010-08-05,2010,8,31.36,30.95,0.4123,0.2109,CRITICAL
Hyderabad,2010-08-13,2010,8,29.67,29.02,0.656,0.2109,CRITICAL
Hyderabad,2010-09-06,2010,9,31.85,30.89,0.9584,0.2109,CRITICAL
Hyderabad,2010-09-30,2010,9,30.13,28.33,1.8077,0.2109,CRITICAL
Hyderabad,2010-10-08,2010,10,31.82,31.28,0.5369,0.2109,CRITICAL
Hyderabad,2010-10-16,2010,10,31.05,30.35,0.6998,0.2109,CRITICAL
Hyderabad,2012-09-21,2012,9,32.36,31.62,0.7429,0.2109,CRITICAL
Hyderabad,2012-10-07,2012,10,31.05,30.48,0.5755,0.2109,CRITICAL
Hyderabad,2012-10-15,2012,10,32.53,32.21,0.3219,0.2109,CRITICAL
Hyderabad,2012-10-23,2012,10,30.46,30.24,0.2183,0.2109,MODERATE
Hyderabad,2012-10-31,2012,10,29.7,29.47,0.2231,0.2109,MODERATE
Hyderabad,2013-09-06,2013,9,32.57,31.39,1.1767,0.2109,CRITICAL
Hyderabad,2013-09-22,2013,9,30.36,29.61,0.7528,0.2109,CRITICAL
Hyderabad,2013-10-08,2013,10,30.36,30.03,0.3291,0.2109,CRITICAL
Hyderabad,2013-10-16,2013,10,31.79,31.47,0.3186,0.2109,CRITICAL
Hyderabad,2013-10-24,2013,10,30.39,29.29,1.105,0.2109,CRITICAL
Hyderabad,2013-11-01,2013,11,29.13,28.9,0.2298,0.2109,MODERATE
Hyderabad,2014-08-21,2014,8,35.16,34.91,0.2465,0.2109,MODERATE
Hyderabad,2014-09-06,2014,9,29.16,28.78,0.3756,0.2109,CRITICAL
Hyderabad,2014-09-30,2014,9,35.01,34.6,0.413,0.2109,CRITICAL
Hyderabad,2015-09-22,2015,9,32.65,32.02,0.639,0.2109,CRITICAL
Hyderabad,2016-06-25,2016,6,36.21,35.0,1.2156,0.2109,CRITICAL
Hyderabad,2016-09-05,2016,9,31.69,31.01,0.6733,0.2109,CRITICAL
Hyderabad,2017-08-21,2017,8,34.87,31.09,3.7879,0.2109,CRITICAL
Hyderabad,2017-09-06,2017,9,33.39,31.52,1.866,0.2109,CRITICAL
Hyderabad,2017-09-22,2017,9,32.46,31.55,0.9025,0.2109,CRITICAL
Hyderabad,2017-10-16,2017,10,29.88,29.03,0.8485,0.2109,CRITICAL
Hyderabad,2017-10-24,2017,10,31.01,30.66,0.3484,0.2109,CRITICAL
Hyderabad,2018-09-06,2018,9,34.22,33.96,0.2621,0.2109,HIGH
Hyderabad,2018-09-22,2018,9,32.08,30.57,1.5171,0.2109,CRITICAL
Hyderabad,2019-07-12,2019,7,36.97,36.68,0.2926,0.2109,HIGH
Hyderabad,2019-08-21,2019,8,34.78,33.1,1.685,0.2109,CRITICAL
Hyderabad,2019-09-22,2019,9,31.88,31.14,0.7481,0.2109,CRITICAL
Hyderabad,2019-10-24,2019,10,28.88,27.94,0.9417,0.2109,CRITICAL
Hyderabad,2019-11-01,2019,11,31.33,30.9,0.433,0.2109,CRITICAL
Hyderabad,2020-07-27,2020,7,32.76,31.57,1.1873,0.2109,CRITICAL
Hyderabad,2020-09-29,2020,9,32.05,29.97,2.0754,0.2109,CRITICAL
Hyderabad,2020-10-15,2020,10,30.42,30.17,0.2552,0.2109,HIGH
Hyderabad,2020-10-23,2020,10,30.82,30.55,0.2631,0.2109,HIGH
Hyderabad,2021-08-21,2021,8,32.18,31.92,0.2621,0.2109,HIGH
Hyderabad,2021-10-08,2021,10,31.11,30.34,0.7685,0.2109,CRITICAL
Hyderabad,2021-10-16,2021,10,30.97,30.54,0.4321,0.2109,CRITICAL
Hyderabad,2021-10-24,2021,10,30.8,30.56,0.2463,0.2109,MODERATE
Hyderabad,2022-07-28,2022,7,30.77,30.3,0.4764,0.2109,CRITICAL
Hyderabad,2022-08-29,2022,8,34.02,32.97,1.0525,0.2109,CRITICAL
Hyderabad,2022-09-14,2022,9,30.04,28.78,1.2586,0.2109,CRITICAL
Hyderabad,2022-09-22,2022,9,31.49,30.69,0.8063,0.2109,CRITICAL
Hyderabad,2022-09-30,2022,9,30.42,29.56,0.8563,0.2109,CRITICAL
Hyderabad,2022-10-24,2022,10,29.83,29.44,0.3905,0.2109,CRITICAL
Hyderabad,2023-09-14,2023,9,31.02,30.37,0.6531,0.2109,CRITICAL
Hyderabad,2023-09-30,2023,9,30.82,30.09,0.7306,0.2109,CRITICAL
Hyderabad,2023-10-08,2023,10,32.67,32.42,0.2485,0.2109,MODERATE
Hyderabad,2024-05-16,2024,5,35.55,34.94,0.6154,0.2109,CRITICAL
Hyderabad,2024-09-13,2024,9,29.7,29.21,0.4882,0.2109,CRITICAL
Hyderabad,2024-09-21,2024,9,29.92,28.79,1.1359,0.2109,CRITICAL
Hyderabad,2024-09-29,2024,9,31.25,30.08,1.178,0.2109,CRITICAL
Hyderabad,2024-10-07,2024,10,29.87,29.26,0.6096,0.2109,CRITICAL
Hyderabad,2024-10-23,2024,10,29.92,29.34,0.5777,0.2109,CRITICAL
Jaipur,2000-05-08,2000,5,42.06,41.79,0.2664,0.2266,MODERATE
Jaipur,2000-08-04,2000,8,38.08,37.31,0.7673,0.2266,CRITICAL
Jaipur,2001-09-06,2001,9,37.75,37.46,0.2991,0.2266,HIGH
Jaipur,2002-06-18,2002,6,40.57,39.86,0.7173,0.2266,CRITICAL
Jaipur,2003-06-18,2003,6,33.25,31.8,1.4503,0.2266,CRITICAL
Jaipur,2003-08-21,2003,8,33.81,33.2,0.6034,0.2266,CRITICAL
Jaipur,2004-05-24,2004,5,42.9,42.43,0.4773,0.2266,CRITICAL
Jaipur,2004-07-19,2004,7,33.37,32.96,0.4133,0.2266,CRITICAL
Jaipur,2004-12-18,2004,12,25.8,25.27,0.5284,0.2266,CRITICAL
Jaipur,2004-12-26,2004,12,23.25,22.8,0.4449,0.2266,CRITICAL
Jaipur,2005-01-25,2005,1,23.47,23.06,0.4075,0.2266,CRITICAL
Jaipur,2005-02-10,2005,2,26.92,26.48,0.4421,0.2266,CRITICAL
Jaipur,2005-06-26,2005,6,38.62,38.18,0.442,0.2266,CRITICAL
Jaipur,2005-09-06,2005,9,39.05,38.45,0.6023,0.2266,CRITICAL
Jaipur,2006-01-25,2006,1,26.65,26.32,0.323,0.2266,HIGH
Jaipur,2006-05-17,2006,5,37.45,37.21,0.2479,0.2266,MODERATE
Jaipur,2006-08-29,2006,8,34.36,32.4,1.9649,0.2266,CRITICAL
Jaipur,2007-01-09,2007,1,23.72,23.21,0.5128,0.2266,CRITICAL
Jaipur,2007-06-26,2007,6,40.05,39.41,0.6416,0.2266,CRITICAL
Jaipur,2007-07-20,2007,7,37.26,35.47,1.7908,0.2266,CRITICAL
Jaipur,2007-07-28,2007,7,38.34,37.44,0.9068,0.2266,CRITICAL
Jaipur,2007-09-14,2007,9,33.51,32.86,0.6473,0.2266,CRITICAL
Jaipur,2008-06-25,2008,6,33.25,32.54,0.7113,0.2266,CRITICAL
Jaipur,2008-07-03,2008,7,34.42,33.17,1.2448,0.2266,CRITICAL
Jaipur,2008-07-19,2008,7,37.28,36.18,1.0988,0.2266,CRITICAL
Jaipur,2008-08-12,2008,8,29.7,29.34,0.3604,0.2266,CRITICAL
Jaipur,2008-09-05,2008,9,37.05,36.25,0.8028,0.2266,CRITICAL
Jaipur,2008-09-13,2008,9,30.46,30.18,0.2709,0.2266,MODERATE
Jaipur,2009-01-09,2009,1,28.15,24.3,3.8485,0.2266,CRITICAL
Jaipur,2009-01-17,2009,1,26.03,25.34,0.6852,0.2266,CRITICAL
Jaipur,2009-08-13,2009,8,33.23,30.94,2.2978,0.2266,CRITICAL
Jaipur,2009-08-29,2009,8,32.22,30.59,1.6346,0.2266,CRITICAL
Jaipur,2009-09-06,2009,9,34.6,34.36,0.2345,0.2266,MODERATE
Jaipur,2009-09-14,2009,9,38.42,38.1,0.3185,0.2266,HIGH
Jaipur,2009-12-11,2009,12,26.33,25.69,0.6445,0.2266,CRITICAL
Jaipur,2010-02-10,2010,2,27.5,27.14,0.3562,0.2266,CRITICAL
Jaipur,2010-07-04,2010,7,38.32,37.54,0.7864,0.2266,CRITICAL
Jaipur,2010-08-05,2010,8,34.74,33.81,0.936,0.2266,CRITICAL
Jaipur,2010-08-21,2010,8,32.11,30.94,1.1745,0.2266,CRITICAL
Jaipur,2010-09-14,2010,9,30.67,30.34,0.3269,0.2266,HIGH
Jaipur,2011-01-09,2011,1,20.51,20.19,0.3197,0.2266,HIGH
Jaipur,2011-01-17,2011,1,22.63,22.37,0.2668,0.2266,MODERATE
Jaipur,2011-01-25,2011,1,23.66,22.25,1.4071,0.2266,CRITICAL
Jaipur,2011-02-02,2011,2,27.35,26.78,0.5694,0.2266,CRITICAL
Jaipur,2011-02-26,2011,2,27.02,26.74,0.2812,0.2266,HIGH
Jaipur,2011-03-14,2011,3,35.9,35.55,0.3543,0.2266,CRITICAL
Jaipur,2011-08-13,2011,8,30.62,29.56,1.0587,0.2266,CRITICAL
Jaipur,2011-08-29,2011,8,31.6,31.35,0.2502,0.2266,MODERATE
Jaipur,2012-01-17,2012,1,22.7,21.67,1.036,0.2266,CRITICAL
Jaipur,2012-02-02,2012,2,25.77,25.39,0.3765,0.2266,CRITICAL
Jaipur,2012-08-04,2012,8,38.58,38.05,0.5317,0.2266,CRITICAL
Jaipur,2012-09-05,2012,9,30.69,29.97,0.7146,0.2266,CRITICAL
Jaipur,2012-12-26,2012,12,23.6,23.33,0.2762,0.2266,HIGH
Jaipur,2013-01-01,2013,1,21.11,20.69,0.4249,0.2266,CRITICAL
Jaipur,2013-01-25,2013,1,25.5,25.24,0.2553,0.2266,MODERATE
Jaipur,2013-02-10,2013,2,26.51,25.83,0.6815,0.2266,CRITICAL
Jaipur,2013-02-18,2013,2,25.46,25.17,0.2992,0.2266,HIGH
Jaipur,2013-02-26,2013,2,32.53,32.07,0.4573,0.2266,CRITICAL
Jaipur,2013-07-04,2013,7,39.19,38.06,1.1358,0.2266,CRITICAL
Jaipur,2013-08-21,2013,8,30.39,29.49,0.8998,0.2266,CRITICAL
Jaipur,2013-08-29,2013,8,32.28,31.97,0.3101,0.2266,HIGH
Jaipur,2013-12-19,2013,12,21.78,21.25,0.5265,0.2266,CRITICAL
Jaipur,2014-01-25,2014,1,23.42,22.62,0.7936,0.2266,CRITICAL
Jaipur,2014-02-10,2014,2,25.46,24.88,0.5781,0.2266,CRITICAL
Jaipur,2014-02-18,2014,2,27.6,27.16,0.4391,0.2266,CRITICAL
Jaipur,2014-07-28,2014,7,37.36,36.67,0.6831,0.2266,CRITICAL
Jaipur,2015-01-01,2015,1,23.39,23.11,0.2827,0.2266,HIGH
Jaipur,2015-01-09,2015,1,23.22,22.69,0.5317,0.2266,CRITICAL
Jaipur,2015-02-18,2015,2,31.7,31.32,0.3751,0.2266,CRITICAL
Jaipur,2015-07-20,2015,7,36.96,33.08,3.8717,0.2266,CRITICAL
Jaipur,2015-08-13,2015,8,32.73,31.77,0.9564,0.2266,CRITICAL
Jaipur,2015-08-21,2015,8,32.45,32.14,0.3183,0.2266,HIGH
Jaipur,2015-08-29,2015,8,36.64,36.19,0.4545,0.2266,CRITICAL
Jaipur,2015-09-14,2015,9,39.35,38.8,0.5534,0.2266,CRITICAL
Jaipur,2016-03-05,2016,3,32.83,32.42,0.4057,0.2266,CRITICAL
Jaipur,2016-08-28,2016,8,30.06,28.94,1.1145,0.2266,CRITICAL
Jaipur,2016-09-05,2016,9,32.89,32.46,0.4303,0.2266,CRITICAL
Jaipur,2017-01-17,2017,1,24.75,23.26,1.4897,0.2266,CRITICAL
Jaipur,2017-01-25,2017,1,22.45,22.0,0.4541,0.2266,CRITICAL
Jaipur,2017-02-02,2017,2,25.11,24.47,0.6376,0.2266,CRITICAL
Jaipur,2017-02-10,2017,2,27.79,27.17,0.6217,0.2266,CRITICAL
Jaipur,2017-02-18,2017,2,31.76,31.41,0.347,0.2266,CRITICAL
Jaipur,2017-08-13,2017,8,35.01,33.47,1.5352,0.2266,CRITICAL
Jaipur,2017-08-21,2017,8,34.02,33.03,0.9913,0.2266,CRITICAL
Jaipur,2018-07-28,2018,7,30.95,30.49,0.463,0.2266,CRITICAL
Jaipur,2019-07-20,2019,7,38.46,38.21,0.2545,0.2266,MODERATE
Jaipur,2019-08-13,2019,8,30.03,29.76,0.273,0.2266,HIGH
Jaipur,2019-08-21,2019,8,31.89,31.4,0.4893,0.2266,CRITICAL
Jaipur,2019-09-06,2019,9,34.52,33.59,0.9291,0.2266,CRITICAL
Jaipur,2020-01-17,2020,1,24.66,23.11,1.5502,0.2266,CRITICAL
Jaipur,2020-02-02,2020,2,25.57,25.21,0.3548,0.2266,CRITICAL
Jaipur,2020-02-10,2020,2,28.83,28.55,0.2849,0.2266,HIGH
Jaipur,2020-08-28,2020,8,30.78,30.29,0.4888,0.2266,CRITICAL
Jaipur,2020-09-05,2020,9,33.71,33.35,0.36,0.2266,CRITICAL
Jaipur,2021-08-05,2021,8,30.81,29.43,1.3814,0.2266,CRITICAL
Jaipur,2021-08-21,2021,8,33.06,32.61,0.4463,0.2266,CRITICAL
Jaipur,2022-02-02,2022,2,24.11,23.72,0.3884,0.2266,CRITICAL
Jaipur,2022-08-13,2022,8,28.93,28.12,0.8067,0.2266,CRITICAL
Jaipur,2022-12-19,2022,12,22.91,22.49,0.4199,0.2266,CRITICAL
Jaipur,2023-02-10,2023,2,27.12,26.73,0.3879,0.2266,CRITICAL
Jaipur,2023-06-26,2023,6,32.43,31.0,1.4323,0.2266,CRITICAL
Jaipur,2023-08-05,2023,8,28.6,27.54,1.0568,0.2266,CRITICAL
Jaipur,2024-01-17,2024,1,20.68,19.89,0.7964,0.2266,CRITICAL
Jaipur,2024-08-12,2024,8,30.01,29.2,0.8112,0.2266,CRITICAL
Jaipur,2024-08-28,2024,8,29.35,28.49,0.861,0.2266,CRITICAL
Kochi,2000-05-16,2000,5,30.49,28.55,1.935,1.4088,HIGH
Kochi,2000-11-08,2000,11,31.92,30.34,1.581,1.4088,MODERATE
Kochi,2001-05-01,2001,5,32.23,30.13,2.1033,1.4088,HIGH
Kochi,2001-07-12,2001,7,28.71,26.3,2.405,1.4088,CRITICAL
Kochi,2001-09-06,2001,9,29.67,28.2,1.4691,1.4088,MODERATE
Kochi,2002-04-07,2002,4,34.24,32.21,2.0279,1.4088,HIGH
Kochi,2002-08-29,2002,8,30.19,28.66,1.5212,1.4088,MODERATE
Kochi,2002-09-30,2002,9,29.89,28.45,1.4442,1.4088,MODERATE
Kochi,2002-12-27,2002,12,30.23,28.75,1.4717,1.4088,MODERATE
Kochi,2003-03-14,2003,3,35.33,33.35,1.9818,1.4088,HIGH
Kochi,2004-03-29,2004,3,34.25,32.85,1.4088,1.4088,MODERATE
Kochi,2004-04-22,2004,4,33.23,31.02,2.2125,1.4088,CRITICAL
Kochi,2006-06-10,2006,6,31.26,29.06,2.1919,1.4088,CRITICAL
Kochi,2006-09-30,2006,9,29.27,27.5,1.7636,1.4088,HIGH
Kochi,2007-09-30,2007,9,29.38,27.92,1.4541,1.4088,MODERATE
Kochi,2008-04-14,2008,4,32.23,30.59,1.6398,1.4088,MODERATE
Kochi,2008-05-16,2008,5,30.25,28.01,2.2407,1.4088,CRITICAL
Kochi,2008-06-09,2008,6,28.34,25.04,3.2995,1.4088,CRITICAL
Kochi,2008-09-13,2008,9,30.18,27.98,2.2083,1.4088,CRITICAL
Kochi,2008-09-21,2008,9,31.69,29.55,2.1376,1.4088,CRITICAL
Kochi,2008-10-07,2008,10,31.69,29.98,1.7053,1.4088,HIGH
Kochi,2009-04-15,2009,4,33.42,31.81,1.6097,1.4088,MODERATE
Kochi,2009-05-01,2009,5,33.15,31.5,1.6419,1.4088,MODERATE
Kochi,2009-05-25,2009,5,27.74,25.87,1.8651,1.4088,HIGH
Kochi,2009-06-10,2009,6,29.97,28.15,1.8232,1.4088,HIGH
Kochi,2009-09-06,2009,9,30.6,28.84,1.7643,1.4088,HIGH
Kochi,2009-11-01,2009,11,33.87,32.15,1.7153,1.4088,HIGH
Kochi,2009-11-25,2009,11,31.89,30.41,1.4742,1.4088,MODERATE
Kochi,2010-01-09,2010,1,31.36,29.9,1.4629,1.4088,MODERATE
Kochi,2010-10-08,2010,10,30.47,28.75,1.7225,1.4088,HIGH
Kochi,2011-05-01,2011,5,30.73,28.94,1.7967,1.4088,HIGH
Kochi,2011-10-08,2011,10,33.49,31.23,2.2695,1.4088,CRITICAL
Kochi,2011-12-27,2011,12,28.52,26.97,1.55,1.4088,MODERATE
Kochi,2012-04-06,2012,4,34.57,32.33,2.24,1.4088,CRITICAL
Kochi,2012-04-14,2012,4,33.63,31.19,2.4359,1.4088,CRITICAL
Kochi,2013-03-14,2013,3,32.95,31.03,1.9186,1.4088,HIGH
Kochi,2013-09-22,2013,9,30.28,27.8,2.4734,1.4088,CRITICAL
Kochi,2013-10-08,2013,10,31.64,29.89,1.7514,1.4088,HIGH
Kochi,2014-05-01,2014,5,35.79,33.85,1.9416,1.4088,HIGH
Kochi,2014-05-17,2014,5,33.68,30.96,2.7121,1.4088,CRITICAL
Kochi,2014-05-25,2014,5,31.77,29.98,1.7928,1.4088,HIGH
Kochi,2015-06-18,2015,6,27.57,25.99,1.5792,1.4088,MODERATE
Kochi,2015-07-20,2015,7,31.06,28.59,2.4658,1.4088,CRITICAL
Kochi,2015-08-29,2015,8,29.65,27.68,1.9711,1.4088,HIGH
Kochi,2015-10-24,2015,10,33.76,32.17,1.5972,1.4088,MODERATE
Kochi,2015-12-11,2015,12,29.1,27.42,1.6748,1.4088,MODERATE
Kochi,2016-05-08,2016,5,35.03,33.54,1.4901,1.4088,MODERATE
Kochi,2016-05-24,2016,5,32.42,30.53,1.8919,1.4088,HIGH
Kochi,2016-09-29,2016,9,32.32,29.1,3.2191,1.4088,CRITICAL
Kochi,2016-10-07,2016,10,29.96,28.3,1.6548,1.4088,MODERATE
Kochi,2017-03-06,2017,3,34.18,32.1,2.0807,1.4088,HIGH
Kochi,2017-07-28,2017,7,29.79,27.94,1.8565,1.4088,HIGH
Kochi,2017-10-24,2017,10,32.68,30.93,1.7498,1.4088,HIGH
Kochi,2017-11-17,2017,11,31.51,30.07,1.4432,1.4088,MODERATE
Kochi,2017-11-25,2017,11,31.0,26.8,4.2012,1.4088,CRITICAL
Kochi,2018-04-23,2018,4,30.09,28.06,2.0295,1.4088,HIGH
Kochi,2018-09-06,2018,9,33.99,31.68,2.3143,1.4088,CRITICAL
Kochi,2018-09-22,2018,9,33.9,32.19,1.7044,1.4088,HIGH
Kochi,2018-10-24,2018,10,32.76,31.29,1.4657,1.4088,MODERATE
Kochi,2018-12-11,2018,12,30.19,28.64,1.5539,1.4088,MODERATE
Kochi,2019-03-30,2019,3,34.34,32.81,1.5304,1.4088,MODERATE
Kochi,2019-11-09,2019,11,33.03,30.52,2.5101,1.4088,CRITICAL
Kochi,2019-11-17,2019,11,32.83,30.16,2.6676,1.4088,CRITICAL
Kochi,2019-12-03,2019,12,32.66,30.9,1.764,1.4088,HIGH
Kochi,2019-12-11,2019,12,31.12,29.39,1.7223,1.4088,HIGH
Kochi,2020-07-03,2020,7,31.01,29.59,1.4191,1.4088,MODERATE
Kochi,2020-07-19,2020,7,31.57,29.91,1.6551,1.4088,MODERATE
Kochi,2020-08-28,2020,8,33.65,31.44,2.2074,1.4088,CRITICAL
Kochi,2020-10-31,2020,10,32.56,31.02,1.5417,1.4088,MODERATE
Kochi,2020-11-08,2020,11,32.98,31.49,1.4807,1.4088,MODERATE
Kochi,2020-12-18,2020,12,31.24,29.43,1.8075,1.4088,HIGH
Kochi,2021-01-01,2021,1,32.05,30.32,1.7308,1.4088,HIGH
Kochi,2021-02-18,2021,2,33.7,31.88,1.8126,1.4088,HIGH
Kochi,2021-03-22,2021,3,37.9,34.72,3.1812,1.4088,CRITICAL
Kochi,2021-06-02,2021,6,29.46,27.9,1.5652,1.4088,MODERATE
Kochi,2021-12-03,2021,12,31.57,30.01,1.5647,1.4088,MODERATE
Kochi,2022-11-25,2022,11,30.36,28.7,1.6594,1.4088,MODERATE
Kochi,2022-12-27,2022,12,30.88,29.06,1.8196,1.4088,HIGH
Kochi,2023-07-28,2023,7,30.02,28.32,1.6985,1.4088,HIGH
Kochi,2023-08-05,2023,8,29.34,27.81,1.5308,1.4088,MODERATE
Kochi,2023-08-13,2023,8,30.91,28.59,2.3156,1.4088,CRITICAL
Kochi,2023-08-21,2023,8,31.84,29.99,1.8577,1.4088,HIGH
Kochi,2023-11-25,2023,11,32.69,31.17,1.519,1.4088,MODERATE
Kochi,2023-12-11,2023,12,31.19,29.71,1.4755,1.4088,MODERATE
Kochi,2023-12-19,2023,12,31.36,29.73,1.6282,1.4088,MODERATE
Kochi,2024-02-18,2024,2,32.73,31.2,1.5328,1.4088,MODERATE
Kochi,2024-06-09,2024,6,31.26,28.5,2.7641,1.4088,CRITICAL
Kochi,2024-10-15,2024,10,30.1,28.51,1.5902,1.4088,MODERATE
Kolkata,2001-06-02,2001,6,28.55,27.28,1.2665,1.0718,MODERATE
Kolkata,2001-09-14,2001,9,30.59,29.06,1.5302,1.0718,HIGH
Kolkata,2001-10-24,2001,10,30.58,29.51,1.0723,1.0718,MODERATE
Kolkata,2002-09-14,2002,9,30.51,28.99,1.5109,1.0718,HIGH
Kolkata,2002-09-30,2002,9,30.16,29.04,1.1137,1.0718,MODERATE
Kolkata,2002-10-08,2002,10,29.9,28.76,1.1409,1.0718,MODERATE
Kolkata,2003-08-05,2003,8,30.91,29.22,1.6886,1.0718,CRITICAL
Kolkata,2003-09-30,2003,9,31.7,29.76,1.9397,1.0718,CRITICAL
Kolkata,2003-10-08,2003,10,28.72,27.56,1.1634,1.0718,MODERATE
Kolkata,2004-06-01,2004,6,30.85,29.58,1.2724,1.0718,MODERATE
Kolkata,2004-10-15,2004,10,29.97,28.81,1.1603,1.0718,MODERATE
Kolkata,2005-09-30,2005,9,30.24,28.98,1.2642,1.0718,MODERATE
Kolkata,2005-10-08,2005,10,30.45,29.03,1.416,1.0718,HIGH
Kolkata,2005-10-16,2005,10,31.65,29.98,1.6755,1.0718,CRITICAL
Kolkata,2005-11-01,2005,11,28.11,26.95,1.1627,1.0718,MODERATE
Kolkata,2006-10-24,2006,10,30.44,29.26,1.1831,1.0718,MODERATE
Kolkata,2008-03-29,2008,3,31.71,30.5,1.2095,1.0718,MODERATE
Kolkata,2008-10-07,2008,10,31.06,29.92,1.1481,1.0718,MODERATE
Kolkata,2008-10-23,2008,10,26.57,25.26,1.3062,1.0718,HIGH
Kolkata,2009-10-08,2009,10,30.39,29.12,1.2639,1.0718,MODERATE
Kolkata,2009-10-16,2009,10,30.59,29.27,1.3195,1.0718,HIGH
Kolkata,2010-08-29,2010,8,32.17,30.98,1.1855,1.0718,MODERATE
Kolkata,2010-10-08,2010,10,29.99,28.8,1.1959,1.0718,MODERATE
Kolkata,2010-10-16,2010,10,31.19,29.98,1.2021,1.0718,MODERATE
Kolkata,2010-11-01,2010,11,28.46,27.34,1.1166,1.0718,MODERATE
Kolkata,2011-05-01,2011,5,30.59,29.33,1.265,1.0718,MODERATE
Kolkata,2011-05-17,2011,5,34.53,31.64,2.8948,1.0718,CRITICAL
Kolkata,2011-09-30,2011,9,31.03,29.73,1.2961,1.0718,HIGH
Kolkata,2012-06-09,2012,6,33.74,32.55,1.1856,1.0718,MODERATE
Kolkata,2012-10-15,2012,10,30.41,29.3,1.11,1.0718,MODERATE
Kolkata,2012-10-23,2012,10,29.82,28.74,1.0808,1.0718,MODERATE
Kolkata,2012-10-31,2012,10,29.73,26.97,2.7521,1.0718,CRITICAL
Kolkata,2013-10-16,2013,10,30.26,29.0,1.253,1.0718,MODERATE
Kolkata,2014-08-29,2014,8,30.65,29.31,1.3361,1.0718,HIGH
Kolkata,2014-09-22,2014,9,32.57,30.25,2.3182,1.0718,CRITICAL
Kolkata,2014-09-30,2014,9,31.43,30.23,1.2001,1.0718,MODERATE
Kolkata,2014-10-16,2014,10,30.42,29.15,1.2652,1.0718,MODERATE
Kolkata,2014-10-24,2014,10,30.01,28.66,1.3519,1.0718,HIGH
Kolkata,2015-01-09,2015,1,23.03,21.85,1.1833,1.0718,MODERATE
Kolkata,2015-04-07,2015,4,32.65,31.23,1.4118,1.0718,HIGH
Kolkata,2015-10-24,2015,10,31.18,29.89,1.2898,1.0718,HIGH
Kolkata,2016-05-16,2016,5,30.65,29.2,1.4536,1.0718,HIGH
Kolkata,2016-06-01,2016,6,31.97,29.98,1.9929,1.0718,CRITICAL
Kolkata,2016-09-05,2016,9,31.63,30.49,1.1411,1.0718,MODERATE
Kolkata,2016-09-29,2016,9,31.63,29.39,2.2419,1.0718,CRITICAL
Kolkata,2016-10-07,2016,10,30.0,28.3,1.7049,1.0718,CRITICAL
Kolkata,2016-10-15,2016,10,31.31,29.82,1.4901,1.0718,HIGH
Kolkata,2017-05-25,2017,5,33.53,31.64,1.8942,1.0718,CRITICAL
Kolkata,2017-06-02,2017,6,32.74,31.56,1.1784,1.0718,MODERATE
Kolkata,2017-10-08,2017,10,31.22,29.94,1.2802,1.0718,MODERATE
Kolkata,2017-10-16,2017,10,31.22,29.94,1.2851,1.0718,MODERATE
Kolkata,2017-10-24,2017,10,29.9,28.54,1.3579,1.0718,HIGH
Kolkata,2017-11-01,2017,11,29.96,28.74,1.2183,1.0718,MODERATE
Kolkata,2018-04-07,2018,4,32.15,30.84,1.3114,1.0718,HIGH
Kolkata,2018-04-15,2018,4,32.26,31.16,1.0981,1.0718,MODERATE
Kolkata,2018-06-10,2018,6,31.49,29.88,1.6057,1.0718,HIGH
Kolkata,2018-09-14,2018,9,33.39,31.29,2.0916,1.0718,CRITICAL
Kolkata,2018-09-30,2018,9,32.41,31.17,1.2421,1.0718,MODERATE
Kolkata,2018-10-08,2018,10,31.87,30.54,1.3333,1.0718,HIGH
Kolkata,2018-10-16,2018,10,31.65,30.21,1.4414,1.0718,HIGH
Kolkata,2018-10-24,2018,10,30.9,29.03,1.8699,1.0718,CRITICAL
Kolkata,2019-04-15,2019,4,32.98,31.72,1.2671,1.0718,MODERATE
Kolkata,2019-05-01,2019,5,33.59,31.8,1.7833,1.0718,CRITICAL
Kolkata,2019-10-08,2019,10,30.59,28.99,1.5982,1.0718,HIGH
Kolkata,2019-10-16,2019,10,31.13,28.86,2.2724,1.0718,CRITICAL
Kolkata,2019-10-24,2019,10,29.03,27.92,1.1125,1.0718,MODERATE
Kolkata,2020-04-30,2020,4,32.52,31.35,1.1687,1.0718,MODERATE
Kolkata,2020-05-16,2020,5,33.84,32.66,1.1718,1.0718,MODERATE
Kolkata,2020-06-01,2020,6,33.56,32.03,1.529,1.0718,HIGH
Kolkata,2020-06-17,2020,6,34.87,32.42,2.4494,1.0718,CRITICAL
Kolkata,2020-08-28,2020,8,31.62,30.19,1.4294,1.0718,HIGH
Kolkata,2020-10-07,2020,10,31.43,30.05,1.3732,1.0718,HIGH
Kolkata,2020-10-15,2020,10,31.53,30.26,1.2687,1.0718,MODERATE
Kolkata,2020-10-23,2020,10,30.16,28.64,1.519,1.0718,HIGH
Kolkata,2021-05-09,2021,5,34.01,32.31,1.7038,1.0718,CRITICAL
Kolkata,2021-10-08,2021,10,31.75,29.88,1.8731,1.0718,CRITICAL
Kolkata,2022-03-06,2022,3,31.05,29.79,1.2589,1.0718,MODERATE
Kolkata,2022-08-21,2022,8,32.97,31.84,1.1287,1.0718,MODERATE
Kolkata,2022-10-24,2022,10,29.75,28.47,1.2822,1.0718,MODERATE
Kolkata,2023-08-29,2023,8,32.76,31.37,1.3857,1.0718,HIGH
Kolkata,2023-10-16,2023,10,30.57,29.28,1.291,1.0718,HIGH
Kolkata,2023-11-01,2023,11,29.69,28.59,1.1042,1.0718,MODERATE
Kolkata,2024-03-21,2024,3,29.85,28.76,1.0863,1.0718,MODERATE
Kolkata,2024-04-06,2024,4,33.86,32.27,1.5961,1.0718,HIGH
Kolkata,2024-04-22,2024,4,36.63,35.52,1.1071,1.0718,MODERATE
Kolkata,2024-06-01,2024,6,31.26,30.07,1.1891,1.0718,MODERATE
Kolkata,2024-10-07,2024,10,29.94,28.79,1.1484,1.0718,MODERATE
Mumbai,2000-06-09,2000,6,29.28,28.11,1.1604,0.12,CRITICAL
Mumbai,2000-06-25,2000,6,34.8,30.98,3.8279,0.12,CRITICAL
Mumbai,2000-07-19,2000,7,27.16,26.63,0.5348,0.12,CRITICAL
Mumbai,2000-08-28,2000,8,25.82,25.23,0.5889,0.12,CRITICAL
Mumbai,2000-09-05,2000,9,29.19,28.0,1.1837,0.12,CRITICAL
Mumbai,2000-09-13,2000,9,31.85,31.15,0.7026,0.12,CRITICAL
Mumbai,2000-09-21,2000,9,32.01,31.51,0.4997,0.12,CRITICAL
Mumbai,2000-09-29,2000,9,30.87,30.5,0.3671,0.12,CRITICAL
Mumbai,2000-10-15,2000,10,31.96,30.84,1.1175,0.12,CRITICAL
Mumbai,2001-08-29,2001,8,28.72,27.89,0.8258,0.12,CRITICAL
Mumbai,2001-09-06,2001,9,30.69,28.87,1.818,0.12,CRITICAL
Mumbai,2001-09-14,2001,9,29.42,28.84,0.5817,0.12,CRITICAL
Mumbai,2001-09-30,2001,9,30.9,30.77,0.1212,0.12,MODERATE
Mumbai,2001-10-08,2001,10,28.27,27.75,0.5173,0.12,CRITICAL
Mumbai,2001-10-16,2001,10,32.42,31.91,0.5101,0.12,CRITICAL
Mumbai,2002-07-04,2002,7,29.67,29.03,0.6378,0.12,CRITICAL
Mumbai,2002-07-20,2002,7,28.24,27.71,0.5257,0.12,CRITICAL
Mumbai,2002-09-14,2002,9,30.99,29.95,1.039,0.12,CRITICAL
Mumbai,2002-09-22,2002,9,31.18,30.07,1.1099,0.12,CRITICAL
Mumbai,2002-09-30,2002,9,32.84,32.39,0.4504,0.12,CRITICAL
Mumbai,2003-08-13,2003,8,28.41,28.13,0.2758,0.12,CRITICAL
Mumbai,2003-09-06,2003,9,27.64,26.55,1.09,0.12,CRITICAL
Mumbai,2003-09-14,2003,9,28.94,28.81,0.1328,0.12,MODERATE
Mumbai,2003-09-30,2003,9,30.51,29.93,0.5743,0.12,CRITICAL
Mumbai,2003-10-08,2003,10,32.28,31.82,0.4657,0.12,CRITICAL
Mumbai,2004-07-19,2004,7,31.8,29.46,2.3325,0.12,CRITICAL
Mumbai,2004-08-28,2004,8,29.32,27.47,1.8499,0.12,CRITICAL
Mumbai,2004-09-21,2004,9,30.81,30.29,0.5235,0.12,CRITICAL
Mumbai,2004-09-29,2004,9,31.67,30.13,1.5351,0.12,CRITICAL
Mumbai,2005-08-21,2005,8,29.03,28.07,0.9595,0.12,CRITICAL
Mumbai,2005-09-22,2005,9,30.29,28.34,1.9521,0.12,CRITICAL
Mumbai,2005-09-30,2005,9,30.35,29.83,0.5251,0.12,CRITICAL
Mumbai,2005-10-08,2005,10,33.1,32.43,0.6699,0.12,CRITICAL
Mumbai,2006-08-29,2006,8,28.41,27.71,0.6931,0.12,CRITICAL
Mumbai,2006-09-06,2006,9,28.1,27.84,0.2532,0.12,CRITICAL
Mumbai,2006-09-14,2006,9,30.07,28.88,1.188,0.12,CRITICAL
Mumbai,2006-09-22,2006,9,27.9,27.37,0.5287,0.12,CRITICAL
Mumbai,2006-09-30,2006,9,29.36,29.08,0.2797,0.12,CRITICAL
Mumbai,2006-10-08,2006,10,31.04,30.71,0.3318,0.12,CRITICAL
Mumbai,2007-09-06,2007,9,29.01,28.73,0.2793,0.12,CRITICAL
Mumbai,2007-09-14,2007,9,31.25,30.36,0.884,0.12,CRITICAL
Mumbai,2007-09-22,2007,9,28.5,27.49,1.0107,0.12,CRITICAL
Mumbai,2007-09-30,2007,9,29.27,29.11,0.1643,0.12,HIGH
Mumbai,2008-08-28,2008,8,31.19,30.77,0.4133,0.12,CRITICAL
Mumbai,2008-10-15,2008,10,33.4,33.25,0.1498,0.12,HIGH
Mumbai,2009-09-14,2009,9,30.12,29.02,1.0989,0.12,CRITICAL
Mumbai,2009-10-08,2009,10,30.2,29.48,0.7183,0.12,CRITICAL
Mumbai,2010-07-28,2010,7,27.51,26.42,1.09,0.12,CRITICAL
Mumbai,2010-08-29,2010,8,26.79,26.39,0.3972,0.12,CRITICAL
Mumbai,2010-09-06,2010,9,27.46,26.79,0.6652,0.12,CRITICAL
Mumbai,2010-09-14,2010,9,28.2,27.46,0.7401,0.12,CRITICAL
Mumbai,2010-09-30,2010,9,32.88,31.2,1.6725,0.12,CRITICAL
Mumbai,2011-07-04,2011,7,28.95,27.86,1.09,0.12,CRITICAL
Mumbai,2011-08-29,2011,8,28.65,26.28,2.378,0.12,CRITICAL
Mumbai,2011-09-14,2011,9,30.74,30.27,0.4706,0.12,CRITICAL
Mumbai,2012-06-25,2012,6,31.88,30.58,1.3092,0.12,CRITICAL
Mumbai,2012-08-20,2012,8,27.24,26.82,0.4149,0.12,CRITICAL
Mumbai,2012-09-21,2012,9,30.47,29.76,0.7103,0.12,CRITICAL
Mumbai,2012-09-29,2012,9,32.6,32.33,0.2617,0.12,CRITICAL
Mumbai,2012-10-07,2012,10,30.97,30.78,0.1909,0.12,CRITICAL
Mumbai,2013-09-22,2013,9,28.18,27.9,0.2781,0.12,CRITICAL
Mumbai,2013-09-30,2013,9,30.29,29.02,1.2669,0.12,CRITICAL
Mumbai,2013-10-08,2013,10,30.58,29.43,1.1503,0.12,CRITICAL
Mumbai,2014-08-29,2014,8,30.03,28.86,1.1683,0.12,CRITICAL
Mumbai,2014-09-22,2014,9,32.05,31.78,0.2695,0.12,CRITICAL
Mumbai,2014-09-30,2014,9,32.02,31.45,0.5721,0.12,CRITICAL
Mumbai,2015-08-29,2015,8,31.18,29.75,1.4293,0.12,CRITICAL
Mumbai,2015-09-06,2015,9,32.63,30.55,2.0793,0.12,CRITICAL
Mumbai,2015-09-30,2015,9,32.79,32.22,0.57,0.12,CRITICAL
Mumbai,2016-09-29,2016,9,31.79,28.03,3.7639,0.12,CRITICAL
Mumbai,2017-08-21,2017,8,28.61,27.23,1.3758,0.12,CRITICAL
Mumbai,2017-09-06,2017,9,29.07,28.95,0.12,0.12,MODERATE
Mumbai,2017-09-22,2017,9,30.96,30.33,0.6259,0.12,CRITICAL
Mumbai,2017-10-08,2017,10,29.98,29.73,0.2504,0.12,CRITICAL
Mumbai,2018-06-26,2018,6,29.68,25.69,3.992,0.12,CRITICAL
Mumbai,2018-09-06,2018,9,29.83,28.94,0.8935,0.12,CRITICAL
Mumbai,2018-09-22,2018,9,29.35,28.77,0.5842,0.12,CRITICAL
Mumbai,2019-07-20,2019,7,29.4,28.63,0.7678,0.12,CRITICAL
Mumbai,2019-09-22,2019,9,29.28,28.08,1.2039,0.12,CRITICAL
Mumbai,2019-09-30,2019,9,30.23,30.01,0.2169,0.12,CRITICAL
Mumbai,2019-10-08,2019,10,31.72,31.21,0.5035,0.12,CRITICAL
Mumbai,2019-10-16,2019,10,31.89,31.63,0.2601,0.12,CRITICAL
Mumbai,2020-08-28,2020,8,32.56,31.65,0.9172,0.12,CRITICAL
Mumbai,2020-09-21,2020,9,31.93,30.14,1.7906,0.12,CRITICAL
Mumbai,2021-09-30,2021,9,30.76,30.45,0.3101,0.12,CRITICAL
Mumbai,2021-10-08,2021,10,30.85,30.19,0.6665,0.12,CRITICAL
Mumbai,2022-08-29,2022,8,30.62,30.26,0.3618,0.12,CRITICAL
Mumbai,2022-09-22,2022,9,29.21,28.45,0.7604,0.12,CRITICAL
Mumbai,2022-10-24,2022,10,31.61,31.3,0.3076,0.12,CRITICAL
Mumbai,2023-09-06,2023,9,30.08,29.82,0.2625,0.12,CRITICAL
Mumbai,2024-10-07,2024,10,29.4,28.87,0.5249,0.12,CRITICAL
Pune,2000-05-08,2000,5,43.87,42.81,1.0574,1.0391,MODERATE
Pune,2000-05-24,2000,5,42.38,40.15,2.2299,1.0391,CRITICAL
Pune,2000-10-23,2000,10,36.15,34.82,1.3275,1.0391,HIGH
Pune,2001-08-13,2001,8,28.02,21.01,7.01,1.0391,CRITICAL
Pune,2001-09-06,2001,9,34.45,32.16,2.2923,1.0391,CRITICAL
Pune,2001-09-14,2001,9,37.45,34.49,2.959,1.0391,CRITICAL
Pune,2001-09-22,2001,9,32.49,31.24,1.2458,1.0391,MODERATE
Pune,2002-06-26,2002,6,32.06,30.14,1.9148,1.0391,CRITICAL
Pune,2002-09-22,2002,9,38.05,36.13,1.9255,1.0391,CRITICAL
Pune,2002-10-08,2002,10,38.3,36.82,1.4791,1.0391,HIGH
Pune,2002-11-09,2002,11,36.03,34.91,1.1228,1.0391,MODERATE
Pune,2003-07-28,2003,7,27.99,26.68,1.3125,1.0391,HIGH
Pune,2003-09-30,2003,9,34.43,32.73,1.6976,1.0391,CRITICAL
Pune,2003-10-08,2003,10,36.08,34.97,1.1135,1.0391,MODERATE
Pune,2003-10-16,2003,10,35.91,34.76,1.1415,1.0391,MODERATE
Pune,2004-08-28,2004,8,31.35,29.8,1.5417,1.0391,HIGH
Pune,2004-09-21,2004,9,31.48,29.76,1.7211,1.0391,CRITICAL
Pune,2004-11-08,2004,11,32.62,31.1,1.5237,1.0391,HIGH
Pune,2004-11-24,2004,11,32.64,31.57,1.0727,1.0391,MODERATE
Pune,2004-12-02,2004,12,32.66,31.38,1.2879,1.0391,HIGH
Pune,2005-10-08,2005,10,34.05,32.75,1.2921,1.0391,HIGH
Pune,2005-10-16,2005,10,34.07,32.91,1.1532,1.0391,MODERATE
Pune,2006-05-25,2006,5,42.61,41.17,1.4363,1.0391,HIGH
Pune,2006-10-16,2006,10,34.07,33.0,1.0633,1.0391,MODERATE
Pune,2006-11-01,2006,11,31.68,30.42,1.2547,1.0391,HIGH
Pune,2006-11-09,2006,11,31.67,30.49,1.1857,1.0391,MODERATE
Pune,2007-04-15,2007,4,45.22,44.0,1.2166,1.0391,MODERATE
Pune,2007-06-10,2007,6,39.27,37.63,1.6386,1.0391,CRITICAL
Pune,2007-07-20,2007,7,36.55,28.75,7.8033,1.0391,CRITICAL
Pune,2007-08-05,2007,8,29.15,27.71,1.4387,1.0391,HIGH
Pune,2007-08-21,2007,8,31.18,29.8,1.3778,1.0391,HIGH
Pune,2007-11-25,2007,11,32.78,31.5,1.2847,1.0391,HIGH
Pune,2008-06-17,2008,6,34.81,33.37,1.4336,1.0391,HIGH
Pune,2008-07-03,2008,7,27.82,24.95,2.8707,1.0391,CRITICAL
Pune,2008-10-07,2008,10,33.54,32.19,1.3504,1.0391,HIGH
Pune,2009-08-05,2009,8,31.56,29.79,1.7674,1.0391,CRITICAL
Pune,2009-11-09,2009,11,30.39,27.98,2.4061,1.0391,CRITICAL
Pune,2010-06-10,2010,6,42.33,38.63,3.6945,1.0391,CRITICAL
Pune,2010-09-14,2010,9,32.35,30.9,1.4507,1.0391,HIGH
Pune,2010-09-22,2010,9,33.37,32.11,1.2562,1.0391,HIGH
Pune,2010-09-30,2010,9,32.4,31.26,1.1426,1.0391,MODERATE
Pune,2011-08-05,2011,8,29.4,27.87,1.5278,1.0391,HIGH
Pune,2011-09-14,2011,9,34.24,29.37,4.867,1.0391,CRITICAL
Pune,2012-09-13,2012,9,29.12,27.79,1.3218,1.0391,HIGH
Pune,2012-09-29,2012,9,41.6,34.35,7.2438,1.0391,CRITICAL
Pune,2012-10-07,2012,10,33.43,32.22,1.2138,1.0391,MODERATE
Pune,2013-08-21,2013,8,31.1,28.31,2.7856,1.0391,CRITICAL
Pune,2013-08-29,2013,8,35.35,33.91,1.4397,1.0391,HIGH
Pune,2013-10-08,2013,10,32.36,30.84,1.5183,1.0391,HIGH
Pune,2013-10-16,2013,10,34.89,32.95,1.9331,1.0391,CRITICAL
Pune,2013-11-01,2013,11,32.22,30.57,1.6475,1.0391,CRITICAL
Pune,2014-01-17,2014,1,31.57,30.39,1.1772,1.0391,MODERATE
Pune,2014-06-18,2014,6,37.74,35.3,2.4398,1.0391,CRITICAL
Pune,2014-09-30,2014,9,34.53,32.78,1.7483,1.0391,CRITICAL
Pune,2014-10-08,2014,10,34.44,33.04,1.3989,1.0391,HIGH
Pune,2014-10-16,2014,10,33.78,32.28,1.5041,1.0391,HIGH
Pune,2014-11-09,2014,11,34.32,32.88,1.4385,1.0391,HIGH
Pune,2015-06-10,2015,6,41.48,40.43,1.0562,1.0391,MODERATE
Pune,2015-07-12,2015,7,37.58,34.16,3.428,1.0391,CRITICAL
Pune,2015-08-29,2015,8,35.9,33.32,2.5819,1.0391,CRITICAL
Pune,2015-09-22,2015,9,34.13,32.75,1.3789,1.0391,HIGH
Pune,2015-09-30,2015,9,33.71,32.04,1.6689,1.0391,CRITICAL
Pune,2015-10-08,2015,10,32.56,31.45,1.1131,1.0391,MODERATE
Pune,2015-11-01,2015,11,34.24,33.16,1.0801,1.0391,MODERATE
Pune,2016-07-11,2016,7,31.29,29.45,1.8386,1.0391,CRITICAL
Pune,2017-06-10,2017,6,35.29,34.22,1.0734,1.0391,MODERATE
Pune,2017-06-18,2017,6,39.03,36.74,2.2901,1.0391,CRITICAL
Pune,2017-07-04,2017,7,33.36,31.5,1.8658,1.0391,CRITICAL
Pune,2017-09-30,2017,9,32.75,31.67,1.0792,1.0391,MODERATE
Pune,2017-10-08,2017,10,32.19,30.81,1.372,1.0391,HIGH
Pune,2017-10-16,2017,10,30.98,28.76,2.2201,1.0391,CRITICAL
Pune,2017-12-03,2017,12,30.72,29.65,1.0679,1.0391,MODERATE
Pune,2018-06-02,2018,6,40.5,39.18,1.3115,1.0391,HIGH
Pune,2018-09-14,2018,9,34.51,31.68,2.8298,1.0391,CRITICAL
Pune,2018-09-22,2018,9,34.32,33.2,1.1284,1.0391,MODERATE
Pune,2019-07-12,2019,7,35.15,31.21,3.9458,1.0391,CRITICAL
Pune,2019-09-22,2019,9,32.63,31.09,1.5439,1.0391,HIGH
Pune,2019-10-16,2019,10,31.59,29.82,1.7725,1.0391,CRITICAL
Pune,2019-10-24,2019,10,31.0,28.53,2.4634,1.0391,CRITICAL
Pune,2020-09-29,2020,9,33.55,32.18,1.3648,1.0391,HIGH
Pune,2020-10-07,2020,10,33.92,32.03,1.8904,1.0391,CRITICAL
Pune,2021-06-02,2021,6,35.81,34.15,1.6597,1.0391,CRITICAL
Pune,2021-06-26,2021,6,32.42,30.72,1.6988,1.0391,CRITICAL
Pune,2021-07-12,2021,7,37.15,31.92,5.2321,1.0391,CRITICAL
Pune,2021-09-30,2021,9,32.82,31.11,1.7085,1.0391,CRITICAL
Pune,2021-11-17,2021,11,31.12,29.6,1.5212,1.0391,HIGH
Pune,2022-08-29,2022,8,32.83,31.38,1.4526,1.0391,HIGH
Pune,2022-10-24,2022,10,31.23,30.18,1.0452,1.0391,MODERATE
Pune,2023-09-22,2023,9,30.66,27.9,2.762,1.0391,CRITICAL
Pune,2023-09-30,2023,9,32.39,31.1,1.2867,1.0391,HIGH
Pune,2023-10-08,2023,10,32.98,31.91,1.0697,1.0391,MODERATE
Pune,2024-08-12,2024,8,31.8,30.7,1.1033,1.0391,MODERATE
Pune,2024-08-28,2024,8,27.16,25.51,1.6479,1.0391,CRITICAL
Pune,2024-09-29,2024,9,30.26,29.18,1.0737,1.0391,MODERATE
Pune,2024-10-07,2024,10,31.92,29.11,2.8058,1.0391,CRITICAL
Surat,2000-05-08,2000,5,36.69,36.32,0.375,0.303,HIGH
Surat,2001-04-23,2001,4,44.44,43.83,0.6168,0.303,CRITICAL
Surat,2001-08-21,2001,8,28.43,27.37,1.0626,0.303,CRITICAL
Surat,2002-04-23,2002,4,43.86,43.42,0.442,0.303,HIGH
Surat,2002-05-01,2002,5,41.14,40.44,0.6934,0.303,CRITICAL
Surat,2002-06-02,2002,6,37.88,36.13,1.7453,0.303,CRITICAL
Surat,2003-04-15,2003,4,41.83,41.2,0.6244,0.303,CRITICAL
Surat,2003-08-29,2003,8,28.81,28.36,0.4525,0.303,HIGH
Surat,2003-09-14,2003,9,31.51,30.73,0.7799,0.303,CRITICAL
Surat,2004-09-21,2004,9,31.26,30.93,0.3273,0.303,MODERATE
Surat,2005-04-15,2005,4,40.16,39.74,0.4188,0.303,HIGH
Surat,2005-05-09,2005,5,40.32,39.73,0.5926,0.303,CRITICAL
Surat,2005-05-17,2005,5,42.2,41.46,0.7436,0.303,CRITICAL
Surat,2005-06-10,2005,6,39.66,38.45,1.2049,0.303,CRITICAL
Surat,2005-11-25,2005,11,31.97,31.65,0.3164,0.303,MODERATE
Surat,2006-04-23,2006,4,40.64,40.24,0.3932,0.303,HIGH
Surat,2006-05-01,2006,5,39.97,39.57,0.3946,0.303,HIGH
Surat,2006-05-25,2006,5,34.27,33.93,0.3389,0.303,MODERATE
Surat,2006-09-30,2006,9,33.07,31.63,1.4369,0.303,CRITICAL
Surat,2007-05-09,2007,5,38.46,38.02,0.4452,0.303,HIGH
Surat,2007-06-02,2007,6,39.39,38.07,1.3246,0.303,CRITICAL
Surat,2007-08-13,2007,8,28.39,27.77,0.6293,0.303,CRITICAL
Surat,2007-11-25,2007,11,31.36,31.03,0.3229,0.303,MODERATE
Surat,2008-11-16,2008,11,33.47,33.14,0.3292,0.303,MODERATE
Surat,2009-05-09,2009,5,39.52,38.77,0.7541,0.303,CRITICAL
Surat,2009-08-29,2009,8,26.33,25.5,0.8298,0.303,CRITICAL
Surat,2009-09-30,2009,9,34.45,33.47,0.9833,0.303,CRITICAL
Surat,2009-11-09,2009,11,31.81,31.47,0.3459,0.303,MODERATE
Surat,2009-11-17,2009,11,32.65,32.24,0.4137,0.303,HIGH
Surat,2010-06-18,2010,6,36.57,35.93,0.6458,0.303,CRITICAL
Surat,2010-10-08,2010,10,33.54,33.16,0.3815,0.303,HIGH
Surat,2010-11-09,2010,11,31.8,31.08,0.714,0.303,CRITICAL
Surat,2010-11-17,2010,11,33.48,32.56,0.9178,0.303,CRITICAL
Surat,2010-11-25,2010,11,30.81,30.51,0.3054,0.303,MODERATE
Surat,2011-06-02,2011,6,35.79,35.27,0.5205,0.303,CRITICAL
Surat,2012-05-08,2012,5,37.61,37.18,0.4284,0.303,HIGH
Surat,2012-05-16,2012,5,39.52,39.13,0.3927,0.303,HIGH
Surat,2012-06-17,2012,6,32.73,31.34,1.3949,0.303,CRITICAL
Surat,2012-09-29,2012,9,34.24,33.79,0.4499,0.303,HIGH
Surat,2012-11-16,2012,11,32.46,32.11,0.3475,0.303,MODERATE
Surat,2013-04-23,2013,4,41.7,41.19,0.5126,0.303,CRITICAL
Surat,2013-06-02,2013,6,41.4,40.14,1.2544,0.303,CRITICAL
Surat,2013-09-06,2013,9,31.11,30.47,0.6344,0.303,CRITICAL
Surat,2014-10-24,2014,10,34.47,33.95,0.5196,0.303,CRITICAL
Surat,2014-11-09,2014,11,33.86,33.5,0.3622,0.303,MODERATE
Surat,2015-05-17,2015,5,41.21,40.59,0.6272,0.303,CRITICAL
Surat,2016-05-16,2016,5,38.83,38.41,0.4251,0.303,HIGH
Surat,2016-07-11,2016,7,30.31,28.9,1.4133,0.303,CRITICAL
Surat,2016-09-13,2016,9,33.89,32.42,1.4622,0.303,CRITICAL
Surat,2016-11-16,2016,11,32.84,32.35,0.4939,0.303,CRITICAL
Surat,2017-08-21,2017,8,29.57,28.95,0.6183,0.303,CRITICAL
Surat,2017-09-22,2017,9,32.7,32.08,0.6229,0.303,CRITICAL
Surat,2017-11-01,2017,11,34.1,33.78,0.3178,0.303,MODERATE
Surat,2017-11-09,2017,11,32.67,32.36,0.3112,0.303,MODERATE
Surat,2018-05-25,2018,5,39.52,38.17,1.3511,0.303,CRITICAL
Surat,2019-06-02,2019,6,37.85,36.77,1.0781,0.303,CRITICAL
Surat,2019-11-17,2019,11,32.52,31.97,0.5554,0.303,CRITICAL
Surat,2020-05-08,2020,5,40.35,39.95,0.4053,0.303,HIGH
Surat,2020-10-07,2020,10,32.98,32.44,0.5412,0.303,CRITICAL
Surat,2020-10-23,2020,10,35.44,34.94,0.4979,0.303,CRITICAL
Surat,2020-10-31,2020,10,33.35,33.01,0.3321,0.303,MODERATE
Surat,2020-11-16,2020,11,33.23,32.78,0.4467,0.303,HIGH
Surat,2021-05-09,2021,5,39.52,39.11,0.405,0.303,HIGH
Surat,2021-10-24,2021,10,32.31,31.88,0.4249,0.303,HIGH
Surat,2021-11-01,2021,11,33.29,32.94,0.3525,0.303,MODERATE
Surat,2021-11-17,2021,11,31.55,30.97,0.5741,0.303,CRITICAL
Surat,2021-11-25,2021,11,32.26,31.45,0.8097,0.303,CRITICAL
Surat,2022-01-01,2022,1,30.07,29.57,0.503,0.303,CRITICAL
Surat,2022-05-17,2022,5,36.0,35.57,0.4263,0.303,HIGH
Surat,2022-05-25,2022,5,34.92,34.3,0.6196,0.303,CRITICAL
Surat,2022-06-02,2022,6,37.26,36.31,0.9553,0.303,CRITICAL
Surat,2022-07-28,2022,7,30.71,30.17,0.544,0.303,CRITICAL
Surat,2022-11-01,2022,11,34.02,33.66,0.3595,0.303,MODERATE
Surat,2022-12-03,2022,12,30.3,29.96,0.3453,0.303,MODERATE
Surat,2023-05-09,2023,5,40.46,40.0,0.4524,0.303,HIGH
Surat,2023-05-17,2023,5,40.22,39.61,0.6118,0.303,CRITICAL
Surat,2023-05-25,2023,5,38.43,38.11,0.3127,0.303,MODERATE
Surat,2023-09-06,2023,9,31.14,30.22,0.9226,0.303,CRITICAL
Surat,2023-10-24,2023,10,33.56,33.19,0.3698,0.303,HIGH
Surat,2023-11-01,2023,11,33.47,32.8,0.6631,0.303,CRITICAL
Surat,2023-11-09,2023,11,32.8,32.13,0.6723,0.303,CRITICAL
Surat,2023-11-25,2023,11,29.24,28.92,0.3139,0.303,MODERATE
Surat,2024-04-30,2024,4,38.17,37.86,0.3122,0.303,MODERATE
Surat,2024-05-16,2024,5,37.76,36.74,1.0186,0.303,CRITICAL
Surat,2024-05-24,2024,5,34.29,33.21,1.0771,0.303,CRITICAL
Surat,2024-06-01,2024,6,39.54,38.41,1.1337,0.303,CRITICAL
Surat,2024-10-23,2024,10,31.63,31.2,0.4306,0.303,HIGH
Surat,2024-10-31,2024,10,32.47,31.98,0.4959,0.303,CRITICAL
Surat,2024-11-08,2024,11,31.14,30.73,0.4159,0.303,HIGH
Surat,2024-12-02,2024,12,28.01,27.24,0.7692,0.303,CRITICAL
