city,season,decade,avg_uhi,avg_urban_lst,obs
Ahmedabad,Monsoon,2000-2009,-0.1187,35.96,80
Ahmedabad,Monsoon,2010-2019,0.1979,35.94,70
Ahmedabad,Monsoon,2020-2024,0.4539,34.91,31
Ahmedabad,Post-Monsoon,2000-2009,0.2511,35.14,70
Ahmedabad,Post-Monsoon,2010-2019,0.4659,33.78,70
Ahmedabad,Post-Monsoon,2020-2024,0.2718,32.68,33
Ahmedabad,Pre-Monsoon,2000-2009,-0.137,42.55,110
Ahmedabad,Pre-Monsoon,2010-2019,0.1538,41.76,110
Ahmedabad,Pre-Monsoon,2020-2024,0.4,40.29,55
Ahmedabad,Winter,2000-2009,0.4778,30.59,113
Ahmedabad,Winter,2010-2019,0.8212,29.67,119
Ahmedabad,Winter,2020-2024,0.9498,28.7,60
Bangalore,Monsoon,2000-2009,-0.8148,30.86,85
Bangalore,Monsoon,2010-2019,-0.9707,31.06,74
Bangalore,Monsoon,2020-2024,-0.4966,30.42,41
Bangalore,Post-Monsoon,2000-2009,-0.2098,28.75,61
Bangalore,Post-Monsoon,2010-2019,0.1137,29.37,63
Bangalore,Post-Monsoon,2020-2024,-0.0263,27.82,26
Bangalore,Pre-Monsoon,2000-2009,-0.8572,36.27,109
Bangalore,Pre-Monsoon,2010-2019,-0.9568,36.19,109
Bangalore,Pre-Monsoon,2020-2024,-1.3019,34.6,54
Bangalore,Winter,2000-2009,-0.5602,31.36,112
Bangalore,Winter,2010-2019,-0.8768,30.66,120
Bangalore,Winter,2020-2024,-0.8909,29.25,59
Chennai,Monsoon,2000-2009,-0.2323,35.85,103
Chennai,Monsoon,2010-2019,0.1997,36.07,99
Chennai,Monsoon,2020-2024,-0.4286,33.97,47
Chennai,Post-Monsoon,2000-2009,-0.1773,30.18,52
Chennai,Post-Monsoon,2010-2019,0.4908,31.5,55
Chennai,Post-Monsoon,2020-2024,-0.533,29.64,24
Chennai,Pre-Monsoon,2000-2009,-1.0228,37.01,106
Chennai,Pre-Monsoon,2010-2019,-0.6806,37.26,107
Chennai,Pre-Monsoon,2020-2024,-0.3135,35.68,50
Chennai,Winter,2000-2009,-0.2931,30.44,108
Chennai,Winter,2010-2019,-0.3736,30.29,114
Chennai,Winter,2020-2024,-0.0092,29.75,58
Delhi,Monsoon,2000-2009,0.393,34.45,139
Delhi,Monsoon,2010-2019,0.4065,34.84,128
Delhi,Monsoon,2020-2024,0.2562,34.05,65
Delhi,Post-Monsoon,2000-2009,0.012,30.33,70
Delhi,Post-Monsoon,2010-2019,-0.0948,29.6,70
Delhi,Post-Monsoon,2020-2024,-0.3302,28.14,33
Delhi,Pre-Monsoon,2000-2009,0.3339,36.13,110
Delhi,Pre-Monsoon,2010-2019,0.3736,36.61,110
Delhi,Pre-Monsoon,2020-2024,-0.0927,35.3,55
Delhi,Winter,2000-2009,0.3148,21.28,110
Delhi,Winter,2010-2019,0.1835,20.63,110
Delhi,Winter,2020-2024,0.1582,19.95,56
Hyderabad,Monsoon,2000-2009,-0.4425,33.23,97
Hyderabad,Monsoon,2010-2019,-1.2078,33.18,96
Hyderabad,Monsoon,2020-2024,-0.975,31.74,47
Hyderabad,Post-Monsoon,2000-2009,-0.414,31.45,69
Hyderabad,Post-Monsoon,2010-2019,-0.6002,31.08,68
Hyderabad,Post-Monsoon,2020-2024,-0.4797,29.64,31
Hyderabad,Pre-Monsoon,2000-2009,-1.5222,40.4,109
Hyderabad,Pre-Monsoon,2010-2019,-1.7751,40.07,110
Hyderabad,Pre-Monsoon,2020-2024,-1.4779,37.39,55
Hyderabad,Winter,2000-2009,-1.0401,32.77,112
Hyderabad,Winter,2010-2019,-1.4327,31.65,120
Hyderabad,Winter,2020-2024,-1.322,30.08,60
Jaipur,Monsoon,2000-2009,-0.3818,36.69,134
Jaipur,Monsoon,2010-2019,-0.444,36.81,122
Jaipur,Monsoon,2020-2024,-0.7013,34.91,64
Jaipur,Post-Monsoon,2000-2009,-0.9654,34.52,70
Jaipur,Post-Monsoon,2010-2019,-1.1613,32.85,70
Jaipur,Post-Monsoon,2020-2024,-1.4145,30.73,34
Jaipur,Pre-Monsoon,2000-2009,-0.6258,41.01,110
Jaipur,Pre-Monsoon,2010-2019,-0.846,41.1,110
Jaipur,Pre-Monsoon,2020-2024,-1.475,39.43,55
Jaipur,Winter,2000-2009,-0.4209,26.49,113
Jaipur,Winter,2010-2019,-0.1862,25.34,119
Jaipur,Winter,2020-2024,-0.3217,24.35,56
Kochi,Monsoon,2000-2009,0.3575,28.18,85
Kochi,Monsoon,2010-2019,0.1646,28.81,79
Kochi,Monsoon,2020-2024,0.6595,29.61,38
Kochi,Post-Monsoon,2000-2009,0.2762,29.95,62
Kochi,Post-Monsoon,2010-2019,0.5436,30.66,58
Kochi,Post-Monsoon,2020-2024,0.5138,30.16,28
Kochi,Pre-Monsoon,2000-2009,0.3801,31.8,92
Kochi,Pre-Monsoon,2010-2019,0.5149,32.57,95
Kochi,Pre-Monsoon,2020-2024,0.2898,32.44,41
Kochi,Winter,2000-2009,0.3758,31.01,113
Kochi,Winter,2010-2019,0.6681,31.47,119
Kochi,Winter,2020-2024,0.8189,31.4,60
Kolkata,Monsoon,2000-2009,0.2475,30.49,59
Kolkata,Monsoon,2010-2019,0.4494,31.19,57
Kolkata,Monsoon,2020-2024,0.3223,30.83,25
Kolkata,Post-Monsoon,2000-2009,0.4932,28.55,70
Kolkata,Post-Monsoon,2010-2019,0.7184,29.17,70
Kolkata,Post-Monsoon,2020-2024,0.7375,28.93,34
Kolkata,Pre-Monsoon,2000-2009,0.0541,31.97,107
Kolkata,Pre-Monsoon,2010-2019,0.4301,32.4,108
Kolkata,Pre-Monsoon,2020-2024,0.5613,32.79,51
Kolkata,Winter,2000-2009,-0.0477,25.06,114
Kolkata,Winter,2010-2019,0.1856,24.93,120
Kolkata,Winter,2020-2024,0.256,24.52,58
Mumbai,Monsoon,2000-2009,-0.4678,30.31,68
Mumbai,Monsoon,2010-2019,-0.3883,30.22,61
Mumbai,Monsoon,2020-2024,-1.3707,29.9,32
Mumbai,Post-Monsoon,2000-2009,-1.0113,31.7,70
Mumbai,Post-Monsoon,2010-2019,-0.9404,31.19,70
Mumbai,Post-Monsoon,2020-2024,-0.5934,30.24,34
Mumbai,Pre-Monsoon,2000-2009,-5.0942,35.72,110
Mumbai,Pre-Monsoon,2010-2019,-5.1747,35.37,110
Mumbai,Pre-Monsoon,2020-2024,-4.5013,34.56,54
Mumbai,Winter,2000-2009,-3.0495,30.44,113
Mumbai,Winter,2010-2019,-2.7516,29.7,120
Mumbai,Winter,2020-2024,-2.0883,29.3,60
Pune,Monsoon,2000-2009,0.0866,33.75,89
Pune,Monsoon,2010-2019,0.3098,34.36,84
Pune,Monsoon,2020-2024,0.283,32.72,37
Pune,Post-Monsoon,2000-2009,0.6753,34.01,70
Pune,Post-Monsoon,2010-2019,0.7741,32.56,70
Pune,Post-Monsoon,2020-2024,0.6948,30.9,32
Pune,Pre-Monsoon,2000-2009,-0.0749,44.8,110
Pune,Pre-Monsoon,2010-2019,-0.4181,43.22,110
Pune,Pre-Monsoon,2020-2024,-0.4407,40.36,55
Pune,Winter,2000-2009,0.226,34.49,113
Pune,Winter,2010-2019,0.102,32.62,120
Pune,Winter,2020-2024,0.0235,31.02,60
Surat,Monsoon,2000-2009,-0.7058,31.76,73
Surat,Monsoon,2010-2019,-0.4827,32.04,60
Surat,Monsoon,2020-2024,-0.4847,31.38,31
Surat,Post-Monsoon,2000-2009,-0.2252,33.54,70
Surat,Post-Monsoon,2010-2019,0.0192,33.32,70
Surat,Post-Monsoon,2020-2024,0.2672,32.21,34
Surat,Pre-Monsoon,2000-2009,-0.1686,38.66,110
Surat,Pre-Monsoon,2010-2019,-0.3572,38.39,110
Surat,Pre-Monsoon,2020-2024,-0.3892,36.75,55
Surat,Winter,2000-2009,-0.3132,31.32,113
Surat,Winter,2010-2019,-0.3219,30.81,120
Surat,Winter,2020-2024,-0.2398,29.68,60
