city,year,avg_uhi,avg_urban_lst,obs,prev_year_uhi,yoy_change,trend
Ahmedabad,2000,-0.5531,38.05,30,,,→ Stable
Ahmedabad,2001,-0.1867,36.34,38,-0.5531,0.3664,↑ Increasing
Ahmedabad,2002,-0.0801,36.98,37,-0.1867,0.1066,↑ Increasing
Ahmedabad,2003,0.2893,35.89,37,-0.0801,0.3694,↑ Increasing
Ahmedabad,2004,0.2222,36.04,39,0.2893,-0.0671,→ Stable
Ahmedabad,2005,0.2605,35.76,37,0.2222,0.0383,→ Stable
Ahmedabad,2006,0.0349,35.35,39,0.2605,-0.2256,↓ Decreasing
Ahmedabad,2007,0.1176,35.62,38,0.0349,0.0827,→ Stable
Ahmedabad,2008,0.5258,34.86,35,0.1176,0.4082,↑ Increasing
Ahmedabad,2009,0.4748,36.61,43,0.5258,-0.051,→ Stable
Ahmedabad,2010,0.3182,35.77,37,0.4748,-0.1566,↓ Decreasing
Ahmedabad,2011,0.4397,35.36,33,0.3182,0.1215,↑ Increasing
Ahmedabad,2012,0.3288,35.02,38,0.4397,-0.1109,↓ Decreasing
Ahmedabad,2013,0.4113,34.55,35,0.3288,0.0825,→ Stable
Ahmedabad,2014,0.2976,34.93,39,0.4113,-0.1137,↓ Decreasing
Ahmedabad,2015,0.437,35.37,40,0.2976,0.1394,↑ Increasing
Ahmedabad,2016,0.519,35.29,36,0.437,0.082,→ Stable
Ahmedabad,2017,0.6443,35.07,38,0.519,0.1253,↑ Increasing
Ahmedabad,2018,0.4296,35.82,36,0.6443,-0.2147,↓ Decreasing
Ahmedabad,2019,0.5462,35.24,37,0.4296,0.1166,↑ Increasing
Ahmedabad,2020,0.7817,35.08,36,0.5462,0.2355,↑ Increasing
Ahmedabad,2021,0.5113,34.32,37,0.7817,-0.2704,↓ Decreasing
Ahmedabad,2022,0.4954,34.79,36,0.5113,-0.0159,→ Stable
Ahmedabad,2023,0.5361,33.46,36,0.4954,0.0407,→ Stable
Ahmedabad,2024,0.5246,32.62,34,0.5361,-0.0115,→ Stable
Bangalore,2000,-0.7332,32.06,31,,,→ Stable
Bangalore,2001,-0.4584,32.78,33,-0.7332,0.2748,↑ Increasing
Bangalore,2002,-0.7005,33.18,37,-0.4584,-0.2421,↓ Decreasing
Bangalore,2003,-0.5931,33.5,37,-0.7005,0.1074,↑ Increasing
Bangalore,2004,-0.7632,31.75,38,-0.5931,-0.1701,↓ Decreasing
Bangalore,2005,-0.4588,31.84,38,-0.7632,0.3044,↑ Increasing
Bangalore,2006,-0.6387,32.07,39,-0.4588,-0.1799,↓ Decreasing
Bangalore,2007,-0.7886,32.91,34,-0.6387,-0.1499,↓ Decreasing
Bangalore,2008,-0.6696,31.0,37,-0.7886,0.119,↑ Increasing
Bangalore,2009,-0.6878,31.78,43,-0.6696,-0.0182,→ Stable
Bangalore,2010,-0.4884,31.99,36,-0.6878,0.1994,↑ Increasing
Bangalore,2011,-0.8438,31.49,36,-0.4884,-0.3554,↓ Decreasing
Bangalore,2012,-0.7357,33.13,38,-0.8438,0.1081,↑ Increasing
Bangalore,2013,-0.7387,32.39,35,-0.7357,-0.003,→ Stable
Bangalore,2014,-0.6312,32.37,39,-0.7387,0.1075,↑ Increasing
Bangalore,2015,-0.7182,31.45,38,-0.6312,-0.087,→ Stable
Bangalore,2016,-1.0555,32.92,34,-0.7182,-0.3373,↓ Decreasing
Bangalore,2017,-0.6314,32.13,37,-1.0555,0.4241,↑ Increasing
Bangalore,2018,-0.604,31.36,38,-0.6314,0.0274,→ Stable
Bangalore,2019,-1.0944,32.49,35,-0.604,-0.4904,↓ Decreasing
Bangalore,2020,-0.8665,31.98,36,-1.0944,0.2279,↑ Increasing
Bangalore,2021,-0.8417,31.52,35,-0.8665,0.0248,→ Stable
Bangalore,2022,-0.5177,29.93,35,-0.8417,0.324,↑ Increasing
Bangalore,2023,-0.8524,30.54,36,-0.5177,-0.3347,↓ Decreasing
Bangalore,2024,-0.9064,30.62,38,-0.8524,-0.054,→ Stable
Chennai,2000,-0.6654,34.25,30,,,→ Stable
Chennai,2001,-0.1962,34.61,39,-0.6654,0.4692,↑ Increasing
Chennai,2002,-0.6173,33.42,39,-0.1962,-0.4211,↓ Decreasing
Chennai,2003,-0.1554,34.48,33,-0.6173,0.4619,↑ Increasing
Chennai,2004,-0.1716,34.64,39,-0.1554,-0.0162,→ Stable
Chennai,2005,-0.6028,33.5,37,-0.1716,-0.4312,↓ Decreasing
Chennai,2006,-0.5352,33.2,36,-0.6028,0.0676,→ Stable
Chennai,2007,-0.7179,33.35,39,-0.5352,-0.1827,↓ Decreasing
Chennai,2008,-0.7456,32.2,39,-0.7179,-0.0277,→ Stable
Chennai,2009,-0.2908,34.52,38,-0.7456,0.4548,↑ Increasing
Chennai,2010,-0.2043,32.74,37,-0.2908,0.0865,→ Stable
Chennai,2011,-0.3559,32.64,38,-0.2043,-0.1516,↓ Decreasing
Chennai,2012,-0.2168,34.34,37,-0.3559,0.1391,↑ Increasing
Chennai,2013,-0.4604,32.96,35,-0.2168,-0.2436,↓ Decreasing
Chennai,2014,-0.1501,34.48,38,-0.4604,0.3103,↑ Increasing
Chennai,2015,-0.3648,34.24,36,-0.1501,-0.2147,↓ Decreasing
Chennai,2016,0.2292,34.12,39,-0.3648,0.594,↑ Increasing
Chennai,2017,0.3561,35.03,38,0.2292,0.1269,↑ Increasing
Chennai,2018,-0.3239,34.12,38,0.3561,-0.68,↓ Decreasing
Chennai,2019,-0.3782,35.05,39,-0.3239,-0.0543,→ Stable
Chennai,2020,0.0637,33.63,34,-0.3782,0.4419,↑ Increasing
Chennai,2021,-0.2722,33.18,35,0.0637,-0.3359,↓ Decreasing
Chennai,2022,-0.3468,32.21,37,-0.2722,-0.0746,→ Stable
Chennai,2023,-0.2352,32.23,37,-0.3468,0.1116,↑ Increasing
Chennai,2024,-0.5625,31.36,36,-0.2352,-0.3273,↓ Decreasing
Delhi,2000,0.5782,32.59,35,,,→ Stable
Delhi,2001,0.1112,30.41,41,0.5782,-0.467,↓ Decreasing
Delhi,2002,0.5029,31.26,45,0.1112,0.3917,↑ Increasing
Delhi,2003,0.1477,30.49,41,0.5029,-0.3552,↓ Decreasing
Delhi,2004,0.3617,30.43,45,0.1477,0.214,↑ Increasing
Delhi,2005,0.3171,30.87,45,0.3617,-0.0446,→ Stable
Delhi,2006,0.1108,30.93,45,0.3171,-0.2063,↓ Decreasing
Delhi,2007,0.2976,30.49,44,0.1108,0.1868,↑ Increasing
Delhi,2008,0.2116,29.78,44,0.2976,-0.086,→ Stable
Delhi,2009,0.3501,31.37,44,0.2116,0.1385,↑ Increasing
Delhi,2010,0.1146,30.99,40,0.3501,-0.2355,↓ Decreasing
Delhi,2011,0.1736,29.93,44,0.1146,0.059,→ Stable
Delhi,2012,0.4351,30.62,40,0.1736,0.2615,↑ Increasing
Delhi,2013,0.0493,30.48,43,0.4351,-0.3858,↓ Decreasing
Delhi,2014,0.2606,30.68,42,0.0493,0.2113,↑ Increasing
Delhi,2015,0.2765,30.1,44,0.2606,0.0159,→ Stable
Delhi,2016,0.4669,31.72,41,0.2765,0.1904,↑ Increasing
Delhi,2017,0.2195,30.9,43,0.4669,-0.2474,↓ Decreasing
Delhi,2018,0.3258,30.48,42,0.2195,0.1063,↑ Increasing
Delhi,2019,0.2448,31.1,39,0.3258,-0.081,→ Stable
Delhi,2020,0.2084,30.25,43,0.2448,-0.0364,→ Stable
Delhi,2021,-0.0483,29.25,43,0.2084,-0.2567,↓ Decreasing
Delhi,2022,0.0579,30.11,41,-0.0483,0.1062,↑ Increasing
Delhi,2023,0.0333,29.25,43,0.0579,-0.0246,→ Stable
Delhi,2024,-0.0299,29.48,39,0.0333,-0.0632,→ Stable
Hyderabad,2000,-1.1062,36.26,31,,,→ Stable
Hyderabad,2001,-1.2665,35.39,36,-1.1062,-0.1603,↓ Decreasing
Hyderabad,2002,-1.0761,35.14,40,-1.2665,0.1904,↑ Increasing
Hyderabad,2003,-0.8056,35.16,37,-1.0761,0.2705,↑ Increasing
Hyderabad,2004,-0.5737,34.84,41,-0.8056,0.2319,↑ Increasing
Hyderabad,2005,-0.6273,34.87,40,-0.5737,-0.0536,→ Stable
Hyderabad,2006,-0.8906,34.0,39,-0.6273,-0.2633,↓ Decreasing
Hyderabad,2007,-0.6455,34.25,42,-0.8906,0.2451,↑ Increasing
Hyderabad,2008,-1.033,33.67,39,-0.6455,-0.3875,↓ Decreasing
Hyderabad,2009,-1.2004,34.81,42,-1.033,-0.1674,↓ Decreasing
Hyderabad,2010,-0.6771,33.73,38,-1.2004,0.5233,↑ Increasing
Hyderabad,2011,-1.9318,33.69,41,-0.6771,-1.2547,↓ Decreasing
Hyderabad,2012,-1.3101,34.8,38,-1.9318,0.6217,↑ Increasing
Hyderabad,2013,-1.0346,33.94,39,-1.3101,0.2755,↑ Increasing
Hyderabad,2014,-0.9926,34.1,41,-1.0346,0.042,→ Stable
Hyderabad,2015,-1.2135,34.78,42,-0.9926,-0.2209,↓ Decreasing
Hyderabad,2016,-1.5406,35.23,39,-1.2135,-0.3271,↓ Decreasing
Hyderabad,2017,-1.3598,33.81,40,-1.5406,0.1808,↑ Increasing
Hyderabad,2018,-1.5826,34.05,38,-1.3598,-0.2228,↓ Decreasing
Hyderabad,2019,-1.6476,34.62,38,-1.5826,-0.065,→ Stable
Hyderabad,2020,-1.1551,33.68,41,-1.6476,0.4925,↑ Increasing
Hyderabad,2021,-1.3286,32.65,38,-1.1551,-0.1735,↓ Decreasing
Hyderabad,2022,-1.1473,32.39,36,-1.3286,0.1813,↑ Increasing
Hyderabad,2023,-1.0521,32.16,40,-1.1473,0.0952,→ Stable
Hyderabad,2024,-1.0543,31.52,38,-1.0521,-0.0022,→ Stable
Jaipur,2000,-0.6277,37.36,35,,,→ Stable
Jaipur,2001,-0.8024,34.48,41,-0.6277,-0.1747,↓ Decreasing
Jaipur,2002,-0.6267,35.64,44,-0.8024,0.1757,↑ Increasing
Jaipur,2003,-0.6493,33.49,42,-0.6267,-0.0226,→ Stable
Jaipur,2004,-0.7223,34.25,44,-0.6493,-0.073,→ Stable
Jaipur,2005,-0.5536,34.42,45,-0.7223,0.1687,↑ Increasing
Jaipur,2006,-0.4365,34.4,43,-0.5536,0.1171,↑ Increasing
Jaipur,2007,-0.4789,34.68,44,-0.4365,-0.0424,→ Stable
Jaipur,2008,-0.4936,33.71,44,-0.4789,-0.0147,→ Stable
Jaipur,2009,-0.1592,35.49,45,-0.4936,0.3344,↑ Increasing
Jaipur,2010,-0.4444,34.53,43,-0.1592,-0.2852,↓ Decreasing
Jaipur,2011,-0.6481,33.37,42,-0.4444,-0.2037,↓ Decreasing
Jaipur,2012,-0.5422,34.41,41,-0.6481,0.1059,↑ Increasing
Jaipur,2013,-0.5825,33.44,42,-0.5422,-0.0403,→ Stable
Jaipur,2014,-0.5033,33.57,43,-0.5825,0.0792,→ Stable
Jaipur,2015,-0.3869,33.81,44,-0.5033,0.1164,↑ Increasing
Jaipur,2016,-0.6113,35.01,41,-0.3869,-0.2244,↓ Decreasing
Jaipur,2017,-0.6347,34.66,43,-0.6113,-0.0234,→ Stable
Jaipur,2018,-0.8754,34.08,39,-0.6347,-0.2407,↓ Decreasing
Jaipur,2019,-0.7556,33.5,43,-0.8754,0.1198,↑ Increasing
Jaipur,2020,-0.6789,34.02,42,-0.7556,0.0767,→ Stable
Jaipur,2021,-1.1697,33.12,41,-0.6789,-0.4908,↓ Decreasing
Jaipur,2022,-0.8702,32.75,42,-1.1697,0.2995,↑ Increasing
Jaipur,2023,-1.0606,31.06,43,-0.8702,-0.1904,↓ Decreasing
Jaipur,2024,-0.8168,32.05,41,-1.0606,0.2438,↑ Increasing
Kochi,2000,0.2797,29.99,30,,,→ Stable
Kochi,2001,0.3516,29.99,37,0.2797,0.0719,→ Stable
Kochi,2002,0.3853,30.34,36,0.3516,0.0337,→ Stable
Kochi,2003,0.0673,30.02,37,0.3853,-0.318,↓ Decreasing
Kochi,2004,0.2705,30.42,35,0.0673,0.2032,↑ Increasing
Kochi,2005,0.1894,29.87,37,0.2705,-0.0811,→ Stable
Kochi,2006,0.2702,30.23,35,0.1894,0.0808,→ Stable
Kochi,2007,0.3965,30.95,35,0.2702,0.1263,↑ Increasing
Kochi,2008,0.622,30.66,35,0.3965,0.2255,↑ Increasing
Kochi,2009,0.7318,31.0,35,0.622,0.1098,↑ Increasing
Kochi,2010,0.4507,30.57,35,0.7318,-0.2811,↓ Decreasing
Kochi,2011,0.3529,30.43,36,0.4507,-0.0978,→ Stable
Kochi,2012,0.447,30.67,35,0.3529,0.0941,→ Stable
Kochi,2013,0.2945,31.05,31,0.447,-0.1525,↓ Decreasing
Kochi,2014,0.475,31.15,39,0.2945,0.1805,↑ Increasing
Kochi,2015,0.4772,30.86,37,0.475,0.0022,→ Stable
Kochi,2016,0.6303,31.16,38,0.4772,0.1531,↑ Increasing
Kochi,2017,0.6229,31.63,33,0.6303,-0.0074,→ Stable
Kochi,2018,0.6432,31.49,33,0.6229,0.0203,→ Stable
Kochi,2019,0.5233,31.43,34,0.6432,-0.1199,↓ Decreasing
Kochi,2020,0.5687,31.79,35,0.5233,0.0454,→ Stable
Kochi,2021,0.6789,31.05,30,0.5687,0.1102,↑ Increasing
Kochi,2022,0.501,30.83,33,0.6789,-0.1779,↓ Decreasing
Kochi,2023,0.5649,30.72,37,0.501,0.0639,→ Stable
Kochi,2024,0.7111,30.8,32,0.5649,0.1462,↑ Increasing
Kolkata,2000,0.1161,29.45,30,,,→ Stable
Kolkata,2001,0.169,28.66,34,0.1161,0.0529,→ Stable
Kolkata,2002,0.1795,28.63,35,0.169,0.0105,→ Stable
Kolkata,2003,0.1564,28.18,37,0.1795,-0.0231,→ Stable
Kolkata,2004,0.1396,28.68,35,0.1564,-0.0168,→ Stable
Kolkata,2005,0.0243,28.67,38,0.1396,-0.1153,↓ Decreasing
Kolkata,2006,0.0469,29.25,34,0.0243,0.0226,→ Stable
Kolkata,2007,0.0606,28.6,35,0.0469,0.0137,→ Stable
Kolkata,2008,0.2484,28.54,35,0.0606,0.1878,↑ Increasing
Kolkata,2009,0.2693,29.34,37,0.2484,0.0209,→ Stable
Kolkata,2010,0.1859,28.7,35,0.2693,-0.0834,→ Stable
Kolkata,2011,0.2527,28.89,36,0.1859,0.0668,→ Stable
Kolkata,2012,0.3288,28.89,36,0.2527,0.0761,→ Stable
Kolkata,2013,0.2432,29.02,35,0.3288,-0.0856,→ Stable
Kolkata,2014,0.4713,29.16,36,0.2432,0.2281,↑ Increasing
Kolkata,2015,0.4937,29.13,33,0.4713,0.0224,→ Stable
Kolkata,2016,0.473,29.38,36,0.4937,-0.0207,→ Stable
Kolkata,2017,0.4511,29.21,36,0.473,-0.0219,→ Stable
Kolkata,2018,0.6377,29.22,38,0.4511,0.1866,↑ Increasing
Kolkata,2019,0.527,28.82,34,0.6377,-0.1107,↓ Decreasing
Kolkata,2020,0.582,29.04,35,0.527,0.055,→ Stable
Kolkata,2021,0.4401,29.48,31,0.582,-0.1419,↓ Decreasing
Kolkata,2022,0.4424,28.5,33,0.4401,0.0023,→ Stable
Kolkata,2023,0.3424,29.02,36,0.4424,-0.1,→ Stable
Kolkata,2024,0.4748,28.27,33,0.3424,0.1324,↑ Increasing
Mumbai,2000,-1.9412,32.6,33,,,→ Stable
Mumbai,2001,-2.9227,32.37,36,-1.9412,-0.9815,↓ Decreasing
Mumbai,2002,-2.6927,32.41,39,-2.9227,0.23,↑ Increasing
Mumbai,2003,-3.1849,32.41,36,-2.6927,-0.4922,↓ Decreasing
Mumbai,2004,-2.3265,31.98,38,-3.1849,0.8584,↑ Increasing
Mumbai,2005,-3.1027,32.34,35,-2.3265,-0.7762,↓ Decreasing
Mumbai,2006,-2.7146,31.88,38,-3.1027,0.3881,↑ Increasing
Mumbai,2007,-2.8558,32.03,36,-2.7146,-0.1412,↓ Decreasing
Mumbai,2008,-2.9663,32.04,35,-2.8558,-0.1105,↓ Decreasing
Mumbai,2009,-3.195,32.67,35,-2.9663,-0.2287,↓ Decreasing
Mumbai,2010,-2.3943,31.39,37,-3.195,0.8007,↑ Increasing
Mumbai,2011,-2.4634,31.75,36,-2.3943,-0.0691,→ Stable
Mumbai,2012,-2.762,31.45,38,-2.4634,-0.2986,↓ Decreasing
Mumbai,2013,-2.9664,31.67,34,-2.762,-0.2044,↓ Decreasing
Mumbai,2014,-2.9745,32.1,37,-2.9664,-0.0081,→ Stable
Mumbai,2015,-2.8311,32.11,37,-2.9745,0.1434,↑ Increasing
Mumbai,2016,-3.1705,32.51,34,-2.8311,-0.3394,↓ Decreasing
Mumbai,2017,-2.4702,31.57,37,-3.1705,0.7003,↑ Increasing
Mumbai,2018,-2.6713,31.85,35,-2.4702,-0.2011,↓ Decreasing
Mumbai,2019,-2.7314,31.69,36,-2.6713,-0.0601,→ Stable
Mumbai,2020,-2.625,31.64,35,-2.7314,0.1064,↑ Increasing
Mumbai,2021,-2.2551,31.32,36,-2.625,0.3699,↑ Increasing
Mumbai,2022,-2.2421,31.02,37,-2.2551,0.013,→ Stable
Mumbai,2023,-2.601,31.18,38,-2.2421,-0.3589,↓ Decreasing
Mumbai,2024,-2.2808,30.65,34,-2.601,0.3202,↑ Increasing
Pune,2000,-0.1775,37.84,35,,,→ Stable
Pune,2001,0.3336,37.82,38,-0.1775,0.5111,↑ Increasing
Pune,2002,0.0281,37.41,42,0.3336,-0.3055,↓ Decreasing
Pune,2003,-0.0468,38.25,38,0.0281,-0.0749,→ Stable
Pune,2004,0.3151,37.5,39,-0.0468,0.3619,↑ Increasing
Pune,2005,0.0852,36.77,39,0.3151,-0.2299,↓ Decreasing
Pune,2006,0.1938,36.42,37,0.0852,0.1086,↑ Increasing
Pune,2007,0.6,36.94,39,0.1938,0.4062,↑ Increasing
Pune,2008,0.3871,36.72,37,0.6,-0.2129,↓ Decreasing
Pune,2009,0.1552,36.33,38,0.3871,-0.2319,↓ Decreasing
Pune,2010,0.4234,35.65,37,0.1552,0.2682,↑ Increasing
Pune,2011,0.127,35.52,37,0.4234,-0.2964,↓ Decreasing
Pune,2012,-0.089,36.52,39,0.127,-0.216,↓ Decreasing
Pune,2013,0.1266,36.25,38,-0.089,0.2156,↑ Increasing
Pune,2014,0.2705,35.97,42,0.1266,0.1439,↑ Increasing
Pune,2015,0.3127,35.65,40,0.2705,0.0422,→ Stable
Pune,2016,-0.031,36.45,37,0.3127,-0.3437,↓ Decreasing
Pune,2017,0.1087,35.99,39,-0.031,0.1397,↑ Increasing
Pune,2018,-0.0316,36.06,38,0.1087,-0.1403,↓ Decreasing
Pune,2019,-0.027,36.21,37,-0.0316,0.0046,→ Stable
Pune,2020,0.1352,34.99,37,-0.027,0.1622,↑ Increasing
Pune,2021,0.1165,34.19,39,0.1352,-0.0187,→ Stable
Pune,2022,-0.0267,34.71,32,0.1165,-0.1432,↓ Decreasing
Pune,2023,-0.0276,33.77,41,-0.0267,-0.0009,→ Stable
Pune,2024,0.066,33.06,35,-0.0276,0.0936,→ Stable
Surat,2000,-0.5071,35.16,31,,,→ Stable
Surat,2001,-0.3898,34.8,36,-0.5071,0.1173,↑ Increasing
Surat,2002,-0.4338,34.15,36,-0.3898,-0.044,→ Stable
Surat,2003,-0.392,33.65,38,-0.4338,0.0418,→ Stable
Surat,2004,-0.383,33.58,40,-0.392,0.009,→ Stable
Surat,2005,-0.214,34.24,36,-0.383,0.169,↑ Increasing
Surat,2006,-0.2361,33.89,36,-0.214,-0.0221,→ Stable
Surat,2007,-0.2081,33.59,39,-0.2361,0.028,→ Stable
Surat,2008,-0.4372,33.36,36,-0.2081,-0.2291,↓ Decreasing
Surat,2009,-0.1468,34.21,38,-0.4372,0.2904,↑ Increasing
Surat,2010,-0.083,34.07,36,-0.1468,0.0638,→ Stable
Surat,2011,-0.2669,33.92,33,-0.083,-0.1839,↓ Decreasing
Surat,2012,-0.2256,33.66,35,-0.2669,0.0413,→ Stable
Surat,2013,-0.1965,34.02,34,-0.2256,0.0291,→ Stable
Surat,2014,-0.4215,33.92,36,-0.1965,-0.225,↓ Decreasing
Surat,2015,-0.4518,33.52,39,-0.4215,-0.0303,→ Stable
Surat,2016,-0.342,33.47,39,-0.4518,0.1098,↑ Increasing
Surat,2017,-0.4425,33.37,38,-0.342,-0.1005,↓ Decreasing
Surat,2018,-0.3199,34.32,36,-0.4425,0.1226,↑ Increasing
Surat,2019,-0.1381,34.01,34,-0.3199,0.1818,↑ Increasing
Surat,2020,-0.3246,32.76,38,-0.1381,-0.1865,↓ Decreasing
Surat,2021,-0.3926,32.57,36,-0.3246,-0.068,→ Stable
Surat,2022,-0.206,32.7,37,-0.3926,0.1866,↑ Increasing
Surat,2023,-0.2,33.03,35,-0.206,0.006,→ Stable
Surat,2024,-0.0191,31.96,34,-0.2,0.1809,↑ Increasing
