city,year,avg_uhi,moving_avg_5yr
Ahmedabad,2000,-0.5531,-0.2733
Ahmedabad,2001,-0.1867,-0.1327
Ahmedabad,2002,-0.0801,-0.0617
Ahmedabad,2003,0.2893,0.101
Ahmedabad,2004,0.2222,0.1454
Ahmedabad,2005,0.2605,0.1849
Ahmedabad,2006,0.0349,0.2322
Ahmedabad,2007,0.1176,0.2827
Ahmedabad,2008,0.5258,0.2943
Ahmedabad,2009,0.4748,0.3752
Ahmedabad,2010,0.3182,0.4175
Ahmedabad,2011,0.4397,0.3946
Ahmedabad,2012,0.3288,0.3591
Ahmedabad,2013,0.4113,0.3829
Ahmedabad,2014,0.2976,0.3987
Ahmedabad,2015,0.437,0.4618
Ahmedabad,2016,0.519,0.4655
Ahmedabad,2017,0.6443,0.5152
Ahmedabad,2018,0.4296,0.5842
Ahmedabad,2019,0.5462,0.5826
Ahmedabad,2020,0.7817,0.5528
Ahmedabad,2021,0.5113,0.5741
Ahmedabad,2022,0.4954,0.5698
Ahmedabad,2023,0.5361,0.5169
Ahmedabad,2024,0.5246,0.5187
Bangalore,2000,-0.7332,-0.6307
Bangalore,2001,-0.4584,-0.6213
Bangalore,2002,-0.7005,-0.6497
Bangalore,2003,-0.5931,-0.5948
Bangalore,2004,-0.7632,-0.6309
Bangalore,2005,-0.4588,-0.6485
Bangalore,2006,-0.6387,-0.6638
Bangalore,2007,-0.7886,-0.6487
Bangalore,2008,-0.6696,-0.6546
Bangalore,2009,-0.6878,-0.6956
Bangalore,2010,-0.4884,-0.6851
Bangalore,2011,-0.8438,-0.6989
Bangalore,2012,-0.7357,-0.6876
Bangalore,2013,-0.7387,-0.7335
Bangalore,2014,-0.6312,-0.7759
Bangalore,2015,-0.7182,-0.755
Bangalore,2016,-1.0555,-0.7281
Bangalore,2017,-0.6314,-0.8207
Bangalore,2018,-0.604,-0.8504
Bangalore,2019,-1.0944,-0.8076
Bangalore,2020,-0.8665,-0.7849
Bangalore,2021,-0.8417,-0.8345
Bangalore,2022,-0.5177,-0.7969
Bangalore,2023,-0.8524,-0.7796
Bangalore,2024,-0.9064,-0.7588
Chennai,2000,-0.6654,-0.493
Chennai,2001,-0.1962,-0.4086
Chennai,2002,-0.6173,-0.3612
Chennai,2003,-0.1554,-0.3487
Chennai,2004,-0.1716,-0.4165
Chennai,2005,-0.6028,-0.4366
Chennai,2006,-0.5352,-0.5546
Chennai,2007,-0.7179,-0.5785
Chennai,2008,-0.7456,-0.4988
Chennai,2009,-0.2908,-0.4629
Chennai,2010,-0.2043,-0.3627
Chennai,2011,-0.3559,-0.3056
Chennai,2012,-0.2168,-0.2775
Chennai,2013,-0.4604,-0.3096
Chennai,2014,-0.1501,-0.1926
Chennai,2015,-0.3648,-0.078
Chennai,2016,0.2292,-0.0507
Chennai,2017,0.3561,-0.0963
Chennai,2018,-0.3239,-0.0106
Chennai,2019,-0.3782,-0.1109
Chennai,2020,0.0637,-0.2515
Chennai,2021,-0.2722,-0.2337
Chennai,2022,-0.3468,-0.2706
Chennai,2023,-0.2352,-0.3542
Chennai,2024,-0.5625,-0.3815
Delhi,2000,0.5782,0.3974
Delhi,2001,0.1112,0.335
Delhi,2002,0.5029,0.3403
Delhi,2003,0.1477,0.2881
Delhi,2004,0.3617,0.288
Delhi,2005,0.3171,0.247
Delhi,2006,0.1108,0.2598
Delhi,2007,0.2976,0.2574
Delhi,2008,0.2116,0.2169
Delhi,2009,0.3501,0.2295
Delhi,2010,0.1146,0.257
Delhi,2011,0.1736,0.2245
Delhi,2012,0.4351,0.2066
Delhi,2013,0.0493,0.239
Delhi,2014,0.2606,0.2977
Delhi,2015,0.2765,0.2546
Delhi,2016,0.4669,0.3099
Delhi,2017,0.2195,0.3067
Delhi,2018,0.3258,0.2931
Delhi,2019,0.2448,0.19
Delhi,2020,0.2084,0.1577
Delhi,2021,-0.0483,0.0992
Delhi,2022,0.0579,0.0443
Delhi,2023,0.0333,0.0033
Delhi,2024,-0.0299,0.0204
Hyderabad,2000,-1.1062,-1.1496
Hyderabad,2001,-1.2665,-1.0636
Hyderabad,2002,-1.0761,-0.9656
Hyderabad,2003,-0.8056,-0.8698
Hyderabad,2004,-0.5737,-0.7947
Hyderabad,2005,-0.6273,-0.7085
Hyderabad,2006,-0.8906,-0.754
Hyderabad,2007,-0.6455,-0.8794
Hyderabad,2008,-1.033,-0.8893
Hyderabad,2009,-1.2004,-1.0976
Hyderabad,2010,-0.6771,-1.2305
Hyderabad,2011,-1.9318,-1.2308
Hyderabad,2012,-1.3101,-1.1892
Hyderabad,2013,-1.0346,-1.2965
Hyderabad,2014,-0.9926,-1.2183
Hyderabad,2015,-1.2135,-1.2282
Hyderabad,2016,-1.5406,-1.3378
Hyderabad,2017,-1.3598,-1.4688
Hyderabad,2018,-1.5826,-1.4571
Hyderabad,2019,-1.6476,-1.4147
Hyderabad,2020,-1.1551,-1.3722
Hyderabad,2021,-1.3286,-1.2661
Hyderabad,2022,-1.1473,-1.1475
Hyderabad,2023,-1.0521,-1.1456
Hyderabad,2024,-1.0543,-1.0846
Jaipur,2000,-0.6277,-0.6856
Jaipur,2001,-0.8024,-0.6765
Jaipur,2002,-0.6267,-0.6857
Jaipur,2003,-0.6493,-0.6709
Jaipur,2004,-0.7223,-0.5977
Jaipur,2005,-0.5536,-0.5681
Jaipur,2006,-0.4365,-0.537
Jaipur,2007,-0.4789,-0.4244
Jaipur,2008,-0.4936,-0.4025
Jaipur,2009,-0.1592,-0.4448
Jaipur,2010,-0.4444,-0.4575
Jaipur,2011,-0.6481,-0.4753
Jaipur,2012,-0.5422,-0.5441
Jaipur,2013,-0.5825,-0.5326
Jaipur,2014,-0.5033,-0.5252
Jaipur,2015,-0.3869,-0.5437
Jaipur,2016,-0.6113,-0.6023
Jaipur,2017,-0.6347,-0.6528
Jaipur,2018,-0.8754,-0.7112
Jaipur,2019,-0.7556,-0.8229
Jaipur,2020,-0.6789,-0.87
Jaipur,2021,-1.1697,-0.907
Jaipur,2022,-0.8702,-0.9192
Jaipur,2023,-1.0606,-0.9793
Jaipur,2024,-0.8168,-0.9159
Kochi,2000,0.2797,0.3389
Kochi,2001,0.3516,0.271
Kochi,2002,0.3853,0.2709
Kochi,2003,0.0673,0.2528
Kochi,2004,0.2705,0.2365
Kochi,2005,0.1894,0.2388
Kochi,2006,0.2702,0.3497
Kochi,2007,0.3965,0.442
Kochi,2008,0.622,0.4942
Kochi,2009,0.7318,0.5108
Kochi,2010,0.4507,0.5209
Kochi,2011,0.3529,0.4554
Kochi,2012,0.447,0.404
Kochi,2013,0.2945,0.4093
Kochi,2014,0.475,0.4648
Kochi,2015,0.4772,0.5
Kochi,2016,0.6303,0.5697
Kochi,2017,0.6229,0.5794
Kochi,2018,0.6432,0.5977
Kochi,2019,0.5233,0.6074
Kochi,2020,0.5687,0.583
Kochi,2021,0.6789,0.5674
Kochi,2022,0.501,0.6049
Kochi,2023,0.5649,0.614
Kochi,2024,0.7111,0.5923
Kolkata,2000,0.1161,0.1549
Kolkata,2001,0.169,0.1553
Kolkata,2002,0.1795,0.1521
Kolkata,2003,0.1564,0.1338
Kolkata,2004,0.1396,0.1093
Kolkata,2005,0.0243,0.0856
Kolkata,2006,0.0469,0.104
Kolkata,2007,0.0606,0.1299
Kolkata,2008,0.2484,0.1622
Kolkata,2009,0.2693,0.2034
Kolkata,2010,0.1859,0.257
Kolkata,2011,0.2527,0.256
Kolkata,2012,0.3288,0.2964
Kolkata,2013,0.2432,0.3579
Kolkata,2014,0.4713,0.402
Kolkata,2015,0.4937,0.4265
Kolkata,2016,0.473,0.5054
Kolkata,2017,0.4511,0.5165
Kolkata,2018,0.6377,0.5342
Kolkata,2019,0.527,0.5276
Kolkata,2020,0.582,0.5258
Kolkata,2021,0.4401,0.4668
Kolkata,2022,0.4424,0.4563
Kolkata,2023,0.3424,0.4249
Kolkata,2024,0.4748,0.4199
Mumbai,2000,-1.9412,-2.5189
Mumbai,2001,-2.9227,-2.6854
Mumbai,2002,-2.6927,-2.6136
Mumbai,2003,-3.1849,-2.8459
Mumbai,2004,-2.3265,-2.8043
Mumbai,2005,-3.1027,-2.8369
Mumbai,2006,-2.7146,-2.7932
Mumbai,2007,-2.8558,-2.9669
Mumbai,2008,-2.9663,-2.8252
Mumbai,2009,-3.195,-2.775
Mumbai,2010,-2.3943,-2.7562
Mumbai,2011,-2.4634,-2.7562
Mumbai,2012,-2.762,-2.7121
Mumbai,2013,-2.9664,-2.7995
Mumbai,2014,-2.9745,-2.9409
Mumbai,2015,-2.8311,-2.8825
Mumbai,2016,-3.1705,-2.8235
Mumbai,2017,-2.4702,-2.7749
Mumbai,2018,-2.6713,-2.7337
Mumbai,2019,-2.7314,-2.5506
Mumbai,2020,-2.625,-2.505
Mumbai,2021,-2.2551,-2.4909
Mumbai,2022,-2.2421,-2.4008
Mumbai,2023,-2.601,-2.3448
Mumbai,2024,-2.2808,-2.3746
Pune,2000,-0.1775,0.0614
Pune,2001,0.3336,0.0344
Pune,2002,0.0281,0.0905
Pune,2003,-0.0468,0.143
Pune,2004,0.3151,0.1151
Pune,2005,0.0852,0.2295
Pune,2006,0.1938,0.3162
Pune,2007,0.6,0.2843
Pune,2008,0.3871,0.3519
Pune,2009,0.1552,0.3385
Pune,2010,0.4234,0.2007
Pune,2011,0.127,0.1486
Pune,2012,-0.089,0.1717
Pune,2013,0.1266,0.1496
Pune,2014,0.2705,0.118
Pune,2015,0.3127,0.1575
Pune,2016,-0.031,0.1259
Pune,2017,0.1087,0.0664
Pune,2018,-0.0316,0.0309
Pune,2019,-0.027,0.0604
Pune,2020,0.1352,0.0333
Pune,2021,0.1165,0.0341
Pune,2022,-0.0267,0.0527
Pune,2023,-0.0276,0.0321
Pune,2024,0.066,0.0039
Surat,2000,-0.5071,-0.4436
Surat,2001,-0.3898,-0.4307
Surat,2002,-0.4338,-0.4211
Surat,2003,-0.392,-0.3625
Surat,2004,-0.383,-0.3318
Surat,2005,-0.214,-0.2866
Surat,2006,-0.2361,-0.2957
Surat,2007,-0.2081,-0.2484
Surat,2008,-0.4372,-0.2222
Surat,2009,-0.1468,-0.2284
Surat,2010,-0.083,-0.2319
Surat,2011,-0.2669,-0.1838
Surat,2012,-0.2256,-0.2387
Surat,2013,-0.1965,-0.3125
Surat,2014,-0.4215,-0.3275
Surat,2015,-0.4518,-0.3709
Surat,2016,-0.342,-0.3955
Surat,2017,-0.4425,-0.3389
Surat,2018,-0.3199,-0.3134
Surat,2019,-0.1381,-0.3235
Surat,2020,-0.3246,-0.2762
Surat,2021,-0.3926,-0.2523
Surat,2022,-0.206,-0.2285
Surat,2023,-0.2,-0.2044
Surat,2024,-0.0191,-0.1417
