city,year,month,predicted_uhi
Bangalore,2025,1,-0.9405
Bangalore,2025,2,-1.3216
Bangalore,2025,3,-1.2907
Bangalore,2025,4,-1.2433
Bangalore,2025,5,-0.2406
Bangalore,2025,6,-0.6809
Bangalore,2025,7,-0.157
Bangalore,2025,8,-0.6129
Bangalore,2025,9,-0.674
Bangalore,2025,10,-0.2378
Bangalore,2025,11,-0.3342
Bangalore,2025,12,-0.7232
Bangalore,2026,1,-0.9405
Bangalore,2026,2,-1.3216
Bangalore,2026,3,-1.2907
Bangalore,2026,4,-1.2433
Bangalore,2026,5,-0.2406
Bangalore,2026,6,-0.6809
Bangalore,2026,7,-0.157
Bangalore,2026,8,-0.6129
Bangalore,2026,9,-0.674
Bangalore,2026,10,-0.2378
Bangalore,2026,11,-0.3342
Bangalore,2026,12,-0.7232
Bangalore,2027,1,-0.9405
Bangalore,2027,2,-1.3216
Bangalore,2027,3,-1.2907
Bangalore,2027,4,-1.2433
Bangalore,2027,5,-0.2406
Bangalore,2027,6,-0.6809
Bangalore,2027,7,-0.157
Bangalore,2027,8,-0.6129
Bangalore,2027,9,-0.674
Bangalore,2027,10,-0.2378
Bangalore,2027,11,-0.3342
Bangalore,2027,12,-0.7232
Bangalore,2028,1,-0.9405
Bangalore,2028,2,-1.3216
Bangalore,2028,3,-1.2907
Bangalore,2028,4,-1.2433
Bangalore,2028,5,-0.2406
Bangalore,2028,6,-0.6809
Bangalore,2028,7,-0.157
Bangalore,2028,8,-0.6129
Bangalore,2028,9,-0.674
Bangalore,2028,10,-0.2378
Bangalore,2028,11,-0.3342
Bangalore,2028,12,-0.7232
Bangalore,2029,1,-0.9405
Bangalore,2029,2,-1.3216
Bangalore,2029,3,-1.2907
Bangalore,2029,4,-1.2433
Bangalore,2029,5,-0.2406
Bangalore,2029,6,-0.6809
Bangalore,2029,7,-0.157
Bangalore,2029,8,-0.6129
Bangalore,2029,9,-0.674
Bangalore,2029,10,-0.2378
Bangalore,2029,11,-0.3342
Bangalore,2029,12,-0.7232
Bangalore,2030,1,-0.9405
Bangalore,2030,2,-1.3216
Bangalore,2030,3,-1.2907
Bangalore,2030,4,-1.2433
Bangalore,2030,5,-0.2406
Bangalore,2030,6,-0.6809
Bangalore,2030,7,-0.157
Bangalore,2030,8,-0.6129
Bangalore,2030,9,-0.674
Bangalore,2030,10,-0.2378
Bangalore,2030,11,-0.3342
Bangalore,2030,12,-0.7232
Delhi,2025,1,0.2315
Delhi,2025,2,0.66
Delhi,2025,3,0.692
Delhi,2025,4,-0.0598
Delhi,2025,5,-0.0892
Delhi,2025,6,0.0038
Delhi,2025,7,0.2949
Delhi,2025,8,0.9042
Delhi,2025,9,0.5209
Delhi,2025,10,0.1693
Delhi,2025,11,-0.0968
Delhi,2025,12,-0.074
Delhi,2026,1,0.2315
Delhi,2026,2,0.66
Delhi,2026,3,0.692
Delhi,2026,4,-0.0598
Delhi,2026,5,-0.0892
Delhi,2026,6,0.0038
Delhi,2026,7,0.2949
Delhi,2026,8,0.9042
Delhi,2026,9,0.5209
Delhi,2026,10,0.1693
Delhi,2026,11,-0.0968
Delhi,2026,12,-0.074
Delhi,2027,1,0.2315
Delhi,2027,2,0.66
Delhi,2027,3,0.692
Delhi,2027,4,-0.0598
Delhi,2027,5,-0.0892
Delhi,2027,6,0.0038
Delhi,2027,7,0.2949
Delhi,2027,8,0.9042
Delhi,2027,9,0.5209
Delhi,2027,10,0.1693
Delhi,2027,11,-0.0968
Delhi,2027,12,-0.074
Delhi,2028,1,0.2315
Delhi,2028,2,0.66
Delhi,2028,3,0.692
Delhi,2028,4,-0.0598
Delhi,2028,5,-0.0892
Delhi,2028,6,0.0038
Delhi,2028,7,0.2949
Delhi,2028,8,0.9042
Delhi,2028,9,0.5209
Delhi,2028,10,0.1693
Delhi,2028,11,-0.0968
Delhi,2028,12,-0.074
Delhi,2029,1,0.2315
Delhi,2029,2,0.66
Delhi,2029,3,0.692
Delhi,2029,4,-0.0598
Delhi,2029,5,-0.0892
Delhi,2029,6,0.0038
Delhi,2029,7,0.2949
Delhi,2029,8,0.9042
Delhi,2029,9,0.5209
Delhi,2029,10,0.1693
Delhi,2029,11,-0.0968
Delhi,2029,12,-0.074
Delhi,2030,1,0.2315
Delhi,2030,2,0.66
Delhi,2030,3,0.692
Delhi,2030,4,-0.0598
Delhi,2030,5,-0.0892
Delhi,2030,6,0.0038
Delhi,2030,7,0.2949
Delhi,2030,8,0.9042
Delhi,2030,9,0.5209
Delhi,2030,10,0.1693
Delhi,2030,11,-0.0968
Delhi,2030,12,-0.074
Jaipur,2025,1,-0.5028
Jaipur,2025,2,-0.5068
Jaipur,2025,3,-1.4584
Jaipur,2025,4,-2.6496
Jaipur,2025,5,-1.8395
Jaipur,2025,6,-1.4677
Jaipur,2025,7,-0.8984
Jaipur,2025,8,-0.4812
Jaipur,2025,9,-0.9018
Jaipur,2025,10,-1.8399
Jaipur,2025,11,-1.0443
Jaipur,2025,12,-0.7046
Jaipur,2026,1,-0.5028
Jaipur,2026,2,-0.5068
Jaipur,2026,3,-1.4584
Jaipur,2026,4,-2.6496
Jaipur,2026,5,-1.8395
Jaipur,2026,6,-1.4677
Jaipur,2026,7,-0.8984
Jaipur,2026,8,-0.4812
Jaipur,2026,9,-0.9018
Jaipur,2026,10,-1.8399
Jaipur,2026,11,-1.0443
Jaipur,2026,12,-0.7046
Jaipur,2027,1,-0.5028
Jaipur,2027,2,-0.5068
Jaipur,2027,3,-1.4584
Jaipur,2027,4,-2.6496
Jaipur,2027,5,-1.8395
Jaipur,2027,6,-1.4677
Jaipur,2027,7,-0.8984
Jaipur,2027,8,-0.4812
Jaipur,2027,9,-0.9018
Jaipur,2027,10,-1.8399
Jaipur,2027,11,-1.0443
Jaipur,2027,12,-0.7046
Jaipur,2028,1,-0.5028
Jaipur,2028,2,-0.5068
Jaipur,2028,3,-1.4584
Jaipur,2028,4,-2.6496
Jaipur,2028,5,-1.8395
Jaipur,2028,6,-1.4677
Jaipur,2028,7,-0.8984
Jaipur,2028,8,-0.4812
Jaipur,2028,9,-0.9018
Jaipur,2028,10,-1.8399
Jaipur,2028,11,-1.0443
Jaipur,2028,12,-0.7046
Jaipur,2029,1,-0.5028
Jaipur,2029,2,-0.5068
Jaipur,2029,3,-1.4584
Jaipur,2029,4,-2.6496
Jaipur,2029,5,-1.8395
Jaipur,2029,6,-1.4677
Jaipur,2029,7,-0.8984
Jaipur,2029,8,-0.4812
Jaipur,2029,9,-0.9018
Jaipur,2029,10,-1.8399
Jaipur,2029,11,-1.0443
Jaipur,2029,12,-0.7046
Jaipur,2030,1,-0.5028
Jaipur,2030,2,-0.5068
Jaipur,2030,3,-1.4584
Jaipur,2030,4,-2.6496
Jaipur,2030,5,-1.8395
Jaipur,2030,6,-1.4677
Jaipur,2030,7,-0.8984
Jaipur,2030,8,-0.4812
Jaipur,2030,9,-0.9018
Jaipur,2030,10,-1.8399
Jaipur,2030,11,-1.0443
Jaipur,2030,12,-0.7046
Ahmedabad,2025,1,0.6583
Ahmedabad,2025,2,0.6822
Ahmedabad,2025,3,0.8662
Ahmedabad,2025,4,0.5149
Ahmedabad,2025,5,-0.1484
Ahmedabad,2025,6,0.207
Ahmedabad,2025,7,0.1171
Ahmedabad,2025,8,0.785
Ahmedabad,2025,9,0.6787
Ahmedabad,2025,10,0.473
Ahmedabad,2025,11,0.3666
Ahmedabad,2025,12,0.4407
Ahmedabad,2026,1,0.6583
Ahmedabad,2026,2,0.6822
Ahmedabad,2026,3,0.8662
Ahmedabad,2026,4,0.5149
Ahmedabad,2026,5,-0.1484
Ahmedabad,2026,6,0.207
Ahmedabad,2026,7,0.1171
Ahmedabad,2026,8,0.785
Ahmedabad,2026,9,0.6787
Ahmedabad,2026,10,0.473
Ahmedabad,2026,11,0.3666
Ahmedabad,2026,12,0.4407
Ahmedabad,2027,1,0.6583
Ahmedabad,2027,2,0.6822
Ahmedabad,2027,3,0.8662
Ahmedabad,2027,4,0.5149
Ahmedabad,2027,5,-0.1484
Ahmedabad,2027,6,0.207
Ahmedabad,2027,7,0.1171
Ahmedabad,2027,8,0.785
Ahmedabad,2027,9,0.6787
Ahmedabad,2027,10,0.473
Ahmedabad,2027,11,0.3666
Ahmedabad,2027,12,0.4407
Ahmedabad,2028,1,0.6583
Ahmedabad,2028,2,0.6822
Ahmedabad,2028,3,0.8662
Ahmedabad,2028,4,0.5149
Ahmedabad,2028,5,-0.1484
Ahmedabad,2028,6,0.207
Ahmedabad,2028,7,0.1171
Ahmedabad,2028,8,0.785
Ahmedabad,2028,9,0.6787
Ahmedabad,2028,10,0.473
Ahmedabad,2028,11,0.3666
Ahmedabad,2028,12,0.4407
Ahmedabad,2029,1,0.6583
Ahmedabad,2029,2,0.6822
Ahmedabad,2029,3,0.8662
Ahmedabad,2029,4,0.5149
Ahmedabad,2029,5,-0.1484
Ahmedabad,2029,6,0.207
Ahmedabad,2029,7,0.1171
Ahmedabad,2029,8,0.785
Ahmedabad,2029,9,0.6787
Ahmedabad,2029,10,0.473
Ahmedabad,2029,11,0.3666
Ahmedabad,2029,12,0.4407
Ahmedabad,2030,1,0.6583
Ahmedabad,2030,2,0.6822
Ahmedabad,2030,3,0.8662
Ahmedabad,2030,4,0.5149
Ahmedabad,2030,5,-0.1484
Ahmedabad,2030,6,0.207
Ahmedabad,2030,7,0.1171
Ahmedabad,2030,8,0.785
Ahmedabad,2030,9,0.6787
Ahmedabad,2030,10,0.473
Ahmedabad,2030,11,0.3666
Ahmedabad,2030,12,0.4407
Pune,2025,1,-0.1121
Pune,2025,2,-0.3193
Pune,2025,3,-0.2298
Pune,2025,4,-0.2731
Pune,2025,5,-0.2488
Pune,2025,6,-0.6864
Pune,2025,7,0.5878
Pune,2025,8,0.4892
Pune,2025,9,0.2524
Pune,2025,10,0.5285
Pune,2025,11,0.3173
Pune,2025,12,0.2975
Pune,2026,1,-0.1121
Pune,2026,2,-0.3193
Pune,2026,3,-0.2298
Pune,2026,4,-0.2731
Pune,2026,5,-0.2488
Pune,2026,6,-0.6864
Pune,2026,7,0.5878
Pune,2026,8,0.4892
Pune,2026,9,0.2524
Pune,2026,10,0.5285
Pune,2026,11,0.3173
Pune,2026,12,0.2975
Pune,2027,1,-0.1121
Pune,2027,2,-0.3193
Pune,2027,3,-0.2298
Pune,2027,4,-0.2731
Pune,2027,5,-0.2488
Pune,2027,6,-0.6864
Pune,2027,7,0.5878
Pune,2027,8,0.4892
Pune,2027,9,0.2524
Pune,2027,10,0.5285
Pune,2027,11,0.3173
Pune,2027,12,0.2975
Pune,2028,1,-0.1121
Pune,2028,2,-0.3193
Pune,2028,3,-0.2298
Pune,2028,4,-0.2731
Pune,2028,5,-0.2488
Pune,2028,6,-0.6864
Pune,2028,7,0.5878
Pune,2028,8,0.4892
Pune,2028,9,0.2524
Pune,2028,10,0.5285
Pune,2028,11,0.3173
Pune,2028,12,0.2975
Pune,2029,1,-0.1121
Pune,2029,2,-0.3193
Pune,2029,3,-0.2298
Pune,2029,4,-0.2731
Pune,2029,5,-0.2488
Pune,2029,6,-0.6864
Pune,2029,7,0.5878
Pune,2029,8,0.4892
Pune,2029,9,0.2524
Pune,2029,10,0.5285
Pune,2029,11,0.3173
Pune,2029,12,0.2975
Pune,2030,1,-0.1121
Pune,2030,2,-0.3193
Pune,2030,3,-0.2298
Pune,2030,4,-0.2731
Pune,2030,5,-0.2488
Pune,2030,6,-0.6864
Pune,2030,7,0.5878
Pune,2030,8,0.4892
Pune,2030,9,0.2524
Pune,2030,10,0.5285
Pune,2030,11,0.3173
Pune,2030,12,0.2975
Hyderabad,2025,1,-1.4007
Hyderabad,2025,2,-1.4343
Hyderabad,2025,3,-1.6279
Hyderabad,2025,4,-1.6295
Hyderabad,2025,5,-1.1162
Hyderabad,2025,6,-1.6781
Hyderabad,2025,7,-0.739
Hyderabad,2025,8,-1.1878
Hyderabad,2025,9,-0.0364
Hyderabad,2025,10,-0.0463
Hyderabad,2025,11,-1.1515
Hyderabad,2025,12,-1.4772
Hyderabad,2026,1,-1.4007
Hyderabad,2026,2,-1.4343
Hyderabad,2026,3,-1.6279
Hyderabad,2026,4,-1.6295
Hyderabad,2026,5,-1.1162
Hyderabad,2026,6,-1.6781
Hyderabad,2026,7,-0.739
Hyderabad,2026,8,-1.1878
Hyderabad,2026,9,-0.0364
Hyderabad,2026,10,-0.0463
Hyderabad,2026,11,-1.1515
Hyderabad,2026,12,-1.4772
Hyderabad,2027,1,-1.4007
Hyderabad,2027,2,-1.4343
Hyderabad,2027,3,-1.6279
Hyderabad,2027,4,-1.6295
Hyderabad,2027,5,-1.1162
Hyderabad,2027,6,-1.6781
Hyderabad,2027,7,-0.739
Hyderabad,2027,8,-1.1878
Hyderabad,2027,9,-0.0364
Hyderabad,2027,10,-0.0463
Hyderabad,2027,11,-1.1515
Hyderabad,2027,12,-1.4772
Hyderabad,2028,1,-1.4007
Hyderabad,2028,2,-1.4343
Hyderabad,2028,3,-1.6279
Hyderabad,2028,4,-1.6295
Hyderabad,2028,5,-1.1162
Hyderabad,2028,6,-1.6781
Hyderabad,2028,7,-0.739
Hyderabad,2028,8,-1.1878
Hyderabad,2028,9,-0.0364
Hyderabad,2028,10,-0.0463
Hyderabad,2028,11,-1.1515
Hyderabad,2028,12,-1.4772
Hyderabad,2029,1,-1.4007
Hyderabad,2029,2,-1.4343
Hyderabad,2029,3,-1.6279
Hyderabad,2029,4,-1.6295
Hyderabad,2029,5,-1.1162
Hyderabad,2029,6,-1.6781
Hyderabad,2029,7,-0.739
Hyderabad,2029,8,-1.1878
Hyderabad,2029,9,-0.0364
Hyderabad,2029,10,-0.0463
Hyderabad,2029,11,-1.1515
Hyderabad,2029,12,-1.4772
Hyderabad,2030,1,-1.4007
Hyderabad,2030,2,-1.4343
Hyderabad,2030,3,-1.6279
Hyderabad,2030,4,-1.6295
Hyderabad,2030,5,-1.1162
Hyderabad,2030,6,-1.6781
Hyderabad,2030,7,-0.739
Hyderabad,2030,8,-1.1878
Hyderabad,2030,9,-0.0364
Hyderabad,2030,10,-0.0463
Hyderabad,2030,11,-1.1515
Hyderabad,2030,12,-1.4772
Mumbai,2025,1,-2.4919
Mumbai,2025,2,-1.6682
Mumbai,2025,3,-1.3723
Mumbai,2025,4,-1.3723
Mumbai,2025,5,-1.3723
Mumbai,2025,6,-1.7509
Mumbai,2025,7,-1.69
Mumbai,2025,8,-1.9125
Mumbai,2025,9,-1.9603
Mumbai,2025,10,-2.002
Mumbai,2025,11,-1.9666
Mumbai,2025,12,-2.4478
Mumbai,2026,1,-2.4919
Mumbai,2026,2,-1.6682
Mumbai,2026,3,-1.3723
Mumbai,2026,4,-1.3723
Mumbai,2026,5,-1.3723
Mumbai,2026,6,-1.7509
Mumbai,2026,7,-1.69
Mumbai,2026,8,-1.9125
Mumbai,2026,9,-1.9603
Mumbai,2026,10,-2.002
Mumbai,2026,11,-1.9666
Mumbai,2026,12,-2.4478
Mumbai,2027,1,-2.4919
Mumbai,2027,2,-1.6682
Mumbai,2027,3,-1.3723
Mumbai,2027,4,-1.3723
Mumbai,2027,5,-1.3723
Mumbai,2027,6,-1.7509
Mumbai,2027,7,-1.69
Mumbai,2027,8,-1.9125
Mumbai,2027,9,-1.9603
Mumbai,2027,10,-2.002
Mumbai,2027,11,-1.9666
Mumbai,2027,12,-2.4478
Mumbai,2028,1,-2.4919
Mumbai,2028,2,-1.6682
Mumbai,2028,3,-1.3723
Mumbai,2028,4,-1.3723
Mumbai,2028,5,-1.3723
Mumbai,2028,6,-1.7509
Mumbai,2028,7,-1.69
Mumbai,2028,8,-1.9125
Mumbai,2028,9,-1.9603
Mumbai,2028,10,-2.002
Mumbai,2028,11,-1.9666
Mumbai,2028,12,-2.4478
Mumbai,2029,1,-2.4919
Mumbai,2029,2,-1.6682
Mumbai,2029,3,-1.3723
Mumbai,2029,4,-1.3723
Mumbai,2029,5,-1.3723
Mumbai,2029,6,-1.7509
Mumbai,2029,7,-1.69
Mumbai,2029,8,-1.9125
Mumbai,2029,9,-1.9603
Mumbai,2029,10,-2.002
Mumbai,2029,11,-1.9666
Mumbai,2029,12,-2.4478
Mumbai,2030,1,-2.4919
Mumbai,2030,2,-1.6682
Mumbai,2030,3,-1.3723
Mumbai,2030,4,-1.3723
Mumbai,2030,5,-1.3723
Mumbai,2030,6,-1.7509
Mumbai,2030,7,-1.69
Mumbai,2030,8,-1.9125
Mumbai,2030,9,-1.9603
Mumbai,2030,10,-2.002
Mumbai,2030,11,-1.9666
Mumbai,2030,12,-2.4478
Surat,2025,1,-0.1051
Surat,2025,2,-0.2495
Surat,2025,3,-0.6566
Surat,2025,4,-0.2585
Surat,2025,5,0.8138
Surat,2025,6,0.0751
Surat,2025,7,0.467
Surat,2025,8,-0.4442
Surat,2025,9,-0.1708
Surat,2025,10,0.028
Surat,2025,11,0.2578
Surat,2025,12,0.1576
Surat,2026,1,-0.1051
Surat,2026,2,-0.2495
Surat,2026,3,-0.6566
Surat,2026,4,-0.2585
Surat,2026,5,0.8138
Surat,2026,6,0.0751
Surat,2026,7,0.467
Surat,2026,8,-0.4442
Surat,2026,9,-0.1708
Surat,2026,10,0.028
Surat,2026,11,0.2578
Surat,2026,12,0.1576
Surat,2027,1,-0.1051
Surat,2027,2,-0.2495
Surat,2027,3,-0.6566
Surat,2027,4,-0.2585
Surat,2027,5,0.8138
Surat,2027,6,0.0751
Surat,2027,7,0.467
Surat,2027,8,-0.4442
Surat,2027,9,-0.1708
Surat,2027,10,0.028
Surat,2027,11,0.2578
Surat,2027,12,0.1576
Surat,2028,1,-0.1051
Surat,2028,2,-0.2495
Surat,2028,3,-0.6566
Surat,2028,4,-0.2585
Surat,2028,5,0.8138
Surat,2028,6,0.0751
Surat,2028,7,0.467
Surat,2028,8,-0.4442
Surat,2028,9,-0.1708
Surat,2028,10,0.028
Surat,2028,11,0.2578
Surat,2028,12,0.1576
Surat,2029,1,-0.1051
Surat,2029,2,-0.2495
Surat,2029,3,-0.6566
Surat,2029,4,-0.2585
Surat,2029,5,0.8138
Surat,2029,6,0.0751
Surat,2029,7,0.467
Surat,2029,8,-0.4442
Surat,2029,9,-0.1708
Surat,2029,10,0.028
Surat,2029,11,0.2578
Surat,2029,12,0.1576
Surat,2030,1,-0.1051
Surat,2030,2,-0.2495
Surat,2030,3,-0.6566
Surat,2030,4,-0.2585
Surat,2030,5,0.8138
Surat,2030,6,0.0751
Surat,2030,7,0.467
Surat,2030,8,-0.4442
Surat,2030,9,-0.1708
Surat,2030,10,0.028
Surat,2030,11,0.2578
Surat,2030,12,0.1576
Chennai,2025,1,-0.5962
Chennai,2025,2,-0.2663
Chennai,2025,3,-0.3666
Chennai,2025,4,-0.293
Chennai,2025,5,-0.4452
Chennai,2025,6,-1.9275
Chennai,2025,7,-1.0379
Chennai,2025,8,-0.5589
Chennai,2025,9,-0.4587
Chennai,2025,10,-0.5079
Chennai,2025,11,-0.6322
Chennai,2025,12,-0.1576
Chennai,2026,1,-0.5962
Chennai,2026,2,-0.2663
Chennai,2026,3,-0.3666
Chennai,2026,4,-0.293
Chennai,2026,5,-0.4452
Chennai,2026,6,-1.9275
Chennai,2026,7,-1.0379
Chennai,2026,8,-0.5589
Chennai,2026,9,-0.4587
Chennai,2026,10,-0.5079
Chennai,2026,11,-0.6322
Chennai,2026,12,-0.1576
Chennai,2027,1,-0.5962
Chennai,2027,2,-0.2663
Chennai,2027,3,-0.3666
Chennai,2027,4,-0.293
Chennai,2027,5,-0.4452
Chennai,2027,6,-1.9275
Chennai,2027,7,-1.0379
Chennai,2027,8,-0.5589
Chennai,2027,9,-0.4587
Chennai,2027,10,-0.5079
Chennai,2027,11,-0.6322
Chennai,2027,12,-0.1576
Chennai,2028,1,-0.5962
Chennai,2028,2,-0.2663
Chennai,2028,3,-0.3666
Chennai,2028,4,-0.293
Chennai,2028,5,-0.4452
Chennai,2028,6,-1.9275
Chennai,2028,7,-1.0379
Chennai,2028,8,-0.5589
Chennai,2028,9,-0.4587
Chennai,2028,10,-0.5079
Chennai,2028,11,-0.6322
Chennai,2028,12,-0.1576
Chennai,2029,1,-0.5962
Chennai,2029,2,-0.2663
Chennai,2029,3,-0.3666
Chennai,2029,4,-0.293
Chennai,2029,5,-0.4452
Chennai,2029,6,-1.9275
Chennai,2029,7,-1.0379
Chennai,2029,8,-0.5589
Chennai,2029,9,-0.4587
Chennai,2029,10,-0.5079
Chennai,2029,11,-0.6322
Chennai,2029,12,-0.1576
Chennai,2030,1,-0.5962
Chennai,2030,2,-0.2663
Chennai,2030,3,-0.3666
Chennai,2030,4,-0.293
Chennai,2030,5,-0.4452
Chennai,2030,6,-1.9275
Chennai,2030,7,-1.0379
Chennai,2030,8,-0.5589
Chennai,2030,9,-0.4587
Chennai,2030,10,-0.5079
Chennai,2030,11,-0.6322
Chennai,2030,12,-0.1576
Kolkata,2025,1,0.2401
Kolkata,2025,2,0.7685
Kolkata,2025,3,0.4229
Kolkata,2025,4,1.2046
Kolkata,2025,5,0.531
Kolkata,2025,6,0.3623
Kolkata,2025,7,0.1498
Kolkata,2025,8,0.0957
Kolkata,2025,9,0.664
Kolkata,2025,10,0.608
Kolkata,2025,11,0.4713
Kolkata,2025,12,0.4041
Kolkata,2026,1,0.2401
Kolkata,2026,2,0.7685
Kolkata,2026,3,0.4229
Kolkata,2026,4,1.2046
Kolkata,2026,5,0.531
Kolkata,2026,6,0.3623
Kolkata,2026,7,0.1498
Kolkata,2026,8,0.0957
Kolkata,2026,9,0.664
Kolkata,2026,10,0.608
Kolkata,2026,11,0.4713
Kolkata,2026,12,0.4041
Kolkata,2027,1,0.2401
Kolkata,2027,2,0.7685
Kolkata,2027,3,0.4229
Kolkata,2027,4,1.2046
Kolkata,2027,5,0.531
Kolkata,2027,6,0.3623
Kolkata,2027,7,0.1498
Kolkata,2027,8,0.0957
Kolkata,2027,9,0.664
Kolkata,2027,10,0.608
Kolkata,2027,11,0.4713
Kolkata,2027,12,0.4041
Kolkata,2028,1,0.2401
Kolkata,2028,2,0.7685
Kolkata,2028,3,0.4229
Kolkata,2028,4,1.2046
Kolkata,2028,5,0.531
Kolkata,2028,6,0.3623
Kolkata,2028,7,0.1498
Kolkata,2028,8,0.0957
Kolkata,2028,9,0.664
Kolkata,2028,10,0.608
Kolkata,2028,11,0.4713
Kolkata,2028,12,0.4041
Kolkata,2029,1,0.2401
Kolkata,2029,2,0.7685
Kolkata,2029,3,0.4229
Kolkata,2029,4,1.2046
Kolkata,2029,5,0.531
Kolkata,2029,6,0.3623
Kolkata,2029,7,0.1498
Kolkata,2029,8,0.0957
Kolkata,2029,9,0.664
Kolkata,2029,10,0.608
Kolkata,2029,11,0.4713
Kolkata,2029,12,0.4041
Kolkata,2030,1,0.2401
Kolkata,2030,2,0.7685
Kolkata,2030,3,0.4229
Kolkata,2030,4,1.2046
Kolkata,2030,5,0.531
Kolkata,2030,6,0.3623
Kolkata,2030,7,0.1498
Kolkata,2030,8,0.0957
Kolkata,2030,9,0.664
Kolkata,2030,10,0.608
Kolkata,2030,11,0.4713
Kolkata,2030,12,0.4041
Kochi,2025,1,1.0341
Kochi,2025,2,0.9322
Kochi,2025,3,0.7171
Kochi,2025,4,0.8401
Kochi,2025,5,0.714
Kochi,2025,6,1.2133
Kochi,2025,7,0.8577
Kochi,2025,8,1.0848
Kochi,2025,9,0.9425
Kochi,2025,10,0.996
Kochi,2025,11,0.5714
Kochi,2025,12,0.7191
Kochi,2026,1,1.0341
Kochi,2026,2,0.9322
Kochi,2026,3,0.7171
Kochi,2026,4,0.8401
Kochi,2026,5,0.714
Kochi,2026,6,1.2133
Kochi,2026,7,0.8577
Kochi,2026,8,1.0848
Kochi,2026,9,0.9425
Kochi,2026,10,0.996
Kochi,2026,11,0.5714
Kochi,2026,12,0.7191
Kochi,2027,1,1.0341
Kochi,2027,2,0.9322
Kochi,2027,3,0.7171
Kochi,2027,4,0.8401
Kochi,2027,5,0.714
Kochi,2027,6,1.2133
Kochi,2027,7,0.8577
Kochi,2027,8,1.0848
Kochi,2027,9,0.9425
Kochi,2027,10,0.996
Kochi,2027,11,0.5714
Kochi,2027,12,0.7191
Kochi,2028,1,1.0341
Kochi,2028,2,0.9322
Kochi,2028,3,0.7171
Kochi,2028,4,0.8401
Kochi,2028,5,0.714
Kochi,2028,6,1.2133
Kochi,2028,7,0.8577
Kochi,2028,8,1.0848
Kochi,2028,9,0.9425
Kochi,2028,10,0.996
Kochi,2028,11,0.5714
Kochi,2028,12,0.7191
Kochi,2029,1,1.0341
Kochi,2029,2,0.9322
Kochi,2029,3,0.7171
Kochi,2029,4,0.8401
Kochi,2029,5,0.714
Kochi,2029,6,1.2133
Kochi,2029,7,0.8577
Kochi,2029,8,1.0848
Kochi,2029,9,0.9425
Kochi,2029,10,0.996
Kochi,2029,11,0.5714
Kochi,2029,12,0.7191
Kochi,2030,1,1.0341
Kochi,2030,2,0.9322
Kochi,2030,3,0.7171
Kochi,2030,4,0.8401
Kochi,2030,5,0.714
Kochi,2030,6,1.2133
Kochi,2030,7,0.8577
Kochi,2030,8,1.0848
Kochi,2030,9,0.9425
Kochi,2030,10,0.996
Kochi,2030,11,0.5714
Kochi,2030,12,0.7191
