city,year,avg_uhi,avg_urban_lst,avg_rural_lst,avg_night_lst,std_uhi,min_uhi,max_uhi,observations
Ahmedabad,2000,-0.5531,38.05,38.6,21.04,0.8377,-3.7981,1.6615,30
Ahmedabad,2001,-0.1867,36.34,36.53,19.78,1.367,-5.8402,5.1503,38
Ahmedabad,2002,-0.0801,36.98,37.06,20.32,0.5697,-2.4583,0.6109,37
Ahmedabad,2003,0.2893,35.89,35.6,20.56,0.5613,-0.9783,1.719,37
Ahmedabad,2004,0.2222,36.04,35.82,20.87,0.6994,-2.0806,1.5452,39
Ahmedabad,2005,0.2605,35.76,35.5,19.89,0.5448,-0.5818,2.4795,37
Ahmedabad,2006,0.0349,35.35,35.32,21.13,1.0305,-3.7407,1.0994,39
Ahmedabad,2007,0.1176,35.62,35.5,20.54,0.7053,-2.3312,1.0013,38
Ahmedabad,2008,0.5258,34.86,34.33,19.91,0.4732,-0.2297,1.2732,35
Ahmedabad,2009,0.4748,36.61,36.14,21.41,1.0417,-1.6623,5.86,43
Ahmedabad,2010,0.3182,35.77,35.45,21.68,0.7607,-1.934,1.7579,37
Ahmedabad,2011,0.4397,35.36,34.92,20.4,0.6405,-2.0176,1.2872,33
Ahmedabad,2012,0.3288,35.02,34.69,20.22,1.0639,-4.8567,1.6113,38
Ahmedabad,2013,0.4113,34.55,34.14,20.49,0.5173,-0.5465,1.4272,35
Ahmedabad,2014,0.2976,34.93,34.64,21.19,0.5892,-1.1382,1.2418,39
Ahmedabad,2015,0.437,35.37,34.94,21.36,0.8838,-1.0419,3.1537,40
Ahmedabad,2016,0.519,35.29,34.77,20.92,1.3487,-1.2278,7.7575,36
Ahmedabad,2017,0.6443,35.07,34.43,21.16,0.5899,-0.7181,2.4443,38
Ahmedabad,2018,0.4296,35.82,35.39,21.11,0.5426,-0.7668,1.38,36
Ahmedabad,2019,0.5462,35.24,34.7,21.53,0.722,-2.1971,1.5052,37
Ahmedabad,2020,0.7817,35.08,34.29,21.16,0.881,-1.4048,3.9581,36
Ahmedabad,2021,0.5113,34.32,33.81,21.08,0.7927,-1.4535,2.5202,37
Ahmedabad,2022,0.4954,34.79,34.29,21.49,0.8093,-1.1683,2.9437,36
Ahmedabad,2023,0.5361,33.46,32.93,21.65,0.7714,-1.8392,1.7396,36
Ahmedabad,2024,0.5246,32.62,32.09,22.29,0.6307,-1.0865,1.601,34
Bangalore,2000,-0.7332,32.06,32.8,18.86,0.658,-1.6698,0.6163,31
Bangalore,2001,-0.4584,32.78,33.24,19.41,0.5459,-1.6933,0.5088,33
Bangalore,2002,-0.7005,33.18,33.88,19.23,1.0187,-4.904,1.2478,37
Bangalore,2003,-0.5931,33.5,34.09,20.2,0.6299,-2.4202,0.7664,37
Bangalore,2004,-0.7632,31.75,32.51,19.23,0.8231,-3.4558,0.7618,38
Bangalore,2005,-0.4588,31.84,32.3,19.58,0.8875,-2.6151,2.41,38
Bangalore,2006,-0.6387,32.07,32.71,19.15,0.5924,-2.0146,0.371,39
Bangalore,2007,-0.7886,32.91,33.7,19.67,0.6455,-2.658,0.5222,34
Bangalore,2008,-0.6696,31.0,31.67,19.06,0.5927,-2.23,0.5282,37
Bangalore,2009,-0.6878,31.78,32.46,19.75,0.6442,-3.3214,0.3948,43
Bangalore,2010,-0.4884,31.99,32.48,20.16,0.8542,-2.1287,2.1312,36
Bangalore,2011,-0.8438,31.49,32.34,19.3,0.8011,-3.4574,0.2607,36
Bangalore,2012,-0.7357,33.13,33.86,19.88,0.7223,-2.5551,0.7691,38
Bangalore,2013,-0.7387,32.39,33.13,20.27,0.7807,-2.1162,1.3867,35
Bangalore,2014,-0.6312,32.37,33.0,20.39,0.7674,-2.2251,0.726,39
Bangalore,2015,-0.7182,31.45,32.17,20.31,1.3802,-7.3046,1.6497,38
Bangalore,2016,-1.0555,32.92,33.98,20.49,0.901,-5.4109,0.349,34
Bangalore,2017,-0.6314,32.13,32.76,20.55,1.1966,-4.2035,3.2477,37
Bangalore,2018,-0.604,31.36,31.97,19.87,0.5981,-2.0968,0.7918,38
Bangalore,2019,-1.0944,32.49,33.59,21.1,1.0219,-4.4656,0.5465,35
Bangalore,2020,-0.8665,31.98,32.85,20.88,0.8713,-2.6448,0.9738,36
Bangalore,2021,-0.8417,31.52,32.36,20.32,1.1186,-2.6116,1.8248,35
Bangalore,2022,-0.5177,29.93,30.45,20.18,0.7792,-2.5986,1.1548,35
Bangalore,2023,-0.8524,30.54,31.39,20.72,0.4841,-2.0691,-0.1222,36
Bangalore,2024,-0.9064,30.62,31.53,21.64,0.7477,-2.3859,0.4963,38
Chennai,2000,-0.6654,34.25,34.92,24.45,1.8809,-6.3244,4.7026,30
Chennai,2001,-0.1962,34.61,34.81,24.2,1.7736,-6.8517,4.4501,39
Chennai,2002,-0.6173,33.42,34.03,24.55,1.3385,-5.0561,2.4946,39
Chennai,2003,-0.1554,34.48,34.63,24.4,1.1005,-2.2598,2.5005,33
Chennai,2004,-0.1716,34.64,34.81,24.06,1.175,-2.3333,3.1467,39
Chennai,2005,-0.6028,33.5,34.11,24.62,1.3062,-3.6906,3.22,37
Chennai,2006,-0.5352,33.2,33.74,24.61,1.3195,-4.7433,3.4761,36
Chennai,2007,-0.7179,33.35,34.07,24.53,1.018,-4.045,1.5296,39
Chennai,2008,-0.7456,32.2,32.94,24.73,1.3436,-4.938,1.5167,39
Chennai,2009,-0.2908,34.52,34.81,24.54,0.9647,-2.3043,2.3334,38
Chennai,2010,-0.2043,32.74,32.94,25.26,1.2564,-2.264,3.0231,37
Chennai,2011,-0.3559,32.64,32.99,24.29,1.3729,-2.5583,4.3909,38
Chennai,2012,-0.2168,34.34,34.56,24.96,0.9713,-1.986,2.4311,37
Chennai,2013,-0.4604,32.96,33.42,24.32,1.5929,-7.082,2.8973,35
Chennai,2014,-0.1501,34.48,34.63,24.93,0.9902,-2.1006,1.9277,38
Chennai,2015,-0.3648,34.24,34.6,24.99,1.0001,-2.1892,1.6386,36
Chennai,2016,0.2292,34.12,33.89,25.27,0.9453,-2.7837,2.0148,39
Chennai,2017,0.3561,35.03,34.68,25.03,1.1933,-1.6339,4.2684,38
Chennai,2018,-0.3239,34.12,34.44,24.51,1.5392,-4.6158,3.0537,38
Chennai,2019,-0.3782,35.05,35.43,25.21,1.8578,-5.7846,3.8162,39
Chennai,2020,0.0637,33.63,33.57,25.16,1.1932,-3.214,4.5174,34
Chennai,2021,-0.2722,33.18,33.45,25.44,1.345,-5.9936,2.1571,35
Chennai,2022,-0.3468,32.21,32.56,25.24,1.6019,-4.6594,2.9851,37
Chennai,2023,-0.2352,32.23,32.46,25.08,1.6939,-6.2633,4.5622,37
Chennai,2024,-0.5625,31.36,31.92,25.86,1.4597,-3.6617,2.9757,36
Delhi,2000,0.5782,32.59,32.01,18.13,0.9389,-1.5128,2.9911,35
Delhi,2001,0.1112,30.41,30.3,16.88,0.8519,-3.0067,1.4355,41
Delhi,2002,0.5029,31.26,30.76,17.65,0.7061,-0.4783,3.4116,45
Delhi,2003,0.1477,30.49,30.34,17.2,0.9388,-4.545,2.5299,41
Delhi,2004,0.3617,30.43,30.06,17.42,0.8158,-1.2839,3.3303,45
Delhi,2005,0.3171,30.87,30.56,17.35,0.5443,-0.5548,2.1736,45
Delhi,2006,0.1108,30.93,30.82,18.04,1.0293,-3.6595,1.9902,45
Delhi,2007,0.2976,30.49,30.2,17.32,0.6508,-0.6726,3.173,44
Delhi,2008,0.2116,29.78,29.56,17.1,0.6834,-1.8561,1.5008,44
Delhi,2009,0.3501,31.37,31.02,17.92,0.7599,-1.4329,2.0444,44
Delhi,2010,0.1146,30.99,30.88,18.01,1.1321,-4.5187,3.0228,40
Delhi,2011,0.1736,29.93,29.76,17.47,0.5743,-1.6978,1.1545,44
Delhi,2012,0.4351,30.62,30.19,16.86,0.7513,-1.6698,2.7739,40
Delhi,2013,0.0493,30.48,30.43,18.01,0.9567,-3.8245,1.5872,43
Delhi,2014,0.2606,30.68,30.42,17.97,0.6719,-1.7065,1.4663,42
Delhi,2015,0.2765,30.1,29.82,18.48,0.6839,-1.625,1.5419,44
Delhi,2016,0.4669,31.72,31.25,19.39,1.4837,-4.91,6.7416,41
Delhi,2017,0.2195,30.9,30.68,18.25,0.7551,-2.8594,1.6198,43
Delhi,2018,0.3258,30.48,30.16,17.51,0.7571,-1.0486,2.8454,42
Delhi,2019,0.2448,31.1,30.85,18.76,0.7692,-0.8187,2.6165,39
Delhi,2020,0.2084,30.25,30.04,17.98,0.6085,-0.7581,2.2369,43
Delhi,2021,-0.0483,29.25,29.29,18.3,0.765,-1.6534,1.5627,43
Delhi,2022,0.0579,30.11,30.05,19.06,0.7144,-1.3177,1.7685,41
Delhi,2023,0.0333,29.25,29.21,18.55,0.9464,-2.5893,2.4163,43
Delhi,2024,-0.0299,29.48,29.51,19.3,0.7443,-3.3111,0.9537,39
Hyderabad,2000,-1.1062,36.26,37.37,20.93,0.7082,-2.2834,0.2919,31
Hyderabad,2001,-1.2665,35.39,36.66,21.16,2.3621,-14.0046,2.5555,36
Hyderabad,2002,-1.0761,35.14,36.22,21.41,0.725,-2.3974,0.5466,40
Hyderabad,2003,-0.8056,35.16,35.96,21.68,0.968,-3.7396,1.6697,37
Hyderabad,2004,-0.5737,34.84,35.41,21.24,0.6851,-1.9113,0.9892,41
Hyderabad,2005,-0.6273,34.87,35.49,21.3,0.6306,-2.2958,0.651,40
Hyderabad,2006,-0.8906,34.0,34.89,21.28,0.5312,-1.8902,0.3724,39
Hyderabad,2007,-0.6455,34.25,34.89,21.31,1.0871,-2.2137,3.1797,42
Hyderabad,2008,-1.033,33.67,34.7,21.31,0.9149,-4.7428,0.5481,39
Hyderabad,2009,-1.2004,34.81,36.01,21.84,0.6784,-3.0276,0.3511,42
Hyderabad,2010,-0.6771,33.73,34.41,21.86,0.9987,-2.1766,2.0676,38
Hyderabad,2011,-1.9318,33.69,35.62,21.54,2.0139,-11.4546,-0.0635,41
Hyderabad,2012,-1.3101,34.8,36.11,21.68,1.0264,-4.6711,0.7429,38
Hyderabad,2013,-1.0346,33.94,34.97,21.69,1.1686,-5.2444,1.1767,39
Hyderabad,2014,-0.9926,34.1,35.1,21.66,0.7846,-3.7297,0.413,41
Hyderabad,2015,-1.2135,34.78,36.0,22.41,0.7169,-3.936,0.639,42
Hyderabad,2016,-1.5406,35.23,36.77,22.06,1.3376,-7.476,1.2156,39
Hyderabad,2017,-1.3598,33.81,35.17,22.28,1.7567,-8.6059,3.7879,40
Hyderabad,2018,-1.5826,34.05,35.64,22.11,1.0901,-5.3524,1.5171,38
Hyderabad,2019,-1.6476,34.62,36.26,22.82,1.2837,-3.3931,1.685,38
Hyderabad,2020,-1.1551,33.68,34.84,22.35,1.4542,-8.5334,2.0754,41
Hyderabad,2021,-1.3286,32.65,33.98,22.26,1.3577,-7.6424,0.7685,38
Hyderabad,2022,-1.1473,32.39,33.54,22.67,1.1079,-4.4646,1.2586,36
Hyderabad,2023,-1.0521,32.16,33.22,22.76,0.7158,-2.5515,0.7306,40
Hyderabad,2024,-1.0543,31.52,32.57,23.65,0.9521,-2.6286,1.178,38
Jaipur,2000,-0.6277,37.36,37.99,18.58,0.4577,-1.213,0.7673,35
Jaipur,2001,-0.8024,34.48,35.29,16.75,0.4652,-2.2329,0.2991,41
Jaipur,2002,-0.6267,35.64,36.26,18.0,0.5398,-3.2124,0.7173,44
Jaipur,2003,-0.6493,33.49,34.14,17.08,0.5448,-1.6138,1.4503,42
Jaipur,2004,-0.7223,34.25,34.97,17.68,0.6609,-2.9988,0.5284,44
Jaipur,2005,-0.5536,34.42,34.97,17.4,0.5493,-1.9686,0.6023,45
Jaipur,2006,-0.4365,34.4,34.83,18.24,0.5478,-1.2576,1.9649,43
Jaipur,2007,-0.4789,34.68,35.16,17.84,0.6721,-1.8713,1.7908,44
Jaipur,2008,-0.4936,33.71,34.2,16.97,0.7508,-2.8372,1.2448,44
Jaipur,2009,-0.1592,35.49,35.65,18.58,0.9081,-1.528,3.8485,45
Jaipur,2010,-0.4444,34.53,34.98,18.46,0.9656,-5.6886,1.1745,43
Jaipur,2011,-0.6481,33.37,34.02,17.66,0.9151,-3.1475,1.4071,42
Jaipur,2012,-0.5422,34.41,34.95,17.37,0.6221,-2.0906,1.036,41
Jaipur,2013,-0.5825,33.44,34.02,17.87,0.8052,-3.0011,1.1358,42
Jaipur,2014,-0.5033,33.57,34.07,18.16,0.6715,-1.8035,0.7936,43
Jaipur,2015,-0.3869,33.81,34.2,18.9,0.9286,-2.0578,3.8717,44
Jaipur,2016,-0.6113,35.01,35.62,19.32,0.6669,-1.8728,1.1145,41
Jaipur,2017,-0.6347,34.66,35.29,18.94,0.8334,-1.9748,1.5352,43
Jaipur,2018,-0.8754,34.08,34.95,18.0,0.5194,-1.7895,0.463,39
Jaipur,2019,-0.7556,33.5,34.25,18.56,0.8174,-2.9095,0.9291,43
Jaipur,2020,-0.6789,34.02,34.7,18.61,0.718,-1.8975,1.5502,42
Jaipur,2021,-1.1697,33.12,34.29,18.92,0.8301,-2.91,1.3814,41
Jaipur,2022,-0.8702,32.75,33.62,19.08,0.7575,-2.3313,0.8067,42
Jaipur,2023,-1.0606,31.06,32.12,18.71,1.0088,-3.6031,1.4323,43
Jaipur,2024,-0.8168,32.05,32.86,20.21,0.8167,-2.2229,0.861,41
Kochi,2000,0.2797,29.99,29.71,22.87,0.7131,-1.1719,1.935,30
Kochi,2001,0.3516,29.99,29.64,23.81,0.9466,-2.0181,2.405,37
Kochi,2002,0.3853,30.34,29.95,23.32,0.8107,-1.4184,2.0279,36
Kochi,2003,0.0673,30.02,29.96,23.64,0.8117,-2.0452,1.9818,37
Kochi,2004,0.2705,30.42,30.15,23.75,0.9326,-2.8607,2.2125,35
Kochi,2005,0.1894,29.87,29.68,23.63,0.7147,-1.9056,1.2411,37
Kochi,2006,0.2702,30.23,29.96,23.42,0.8261,-1.812,2.1919,35
Kochi,2007,0.3965,30.95,30.55,23.86,0.7017,-2.022,1.4541,35
Kochi,2008,0.622,30.66,30.04,23.56,0.9871,-1.4082,3.2995,35
Kochi,2009,0.7318,31.0,30.27,23.56,0.5876,-0.4151,1.8651,35
Kochi,2010,0.4507,30.57,30.12,24.19,0.6456,-1.3107,1.7225,35
Kochi,2011,0.3529,30.43,30.07,23.62,0.7818,-1.2011,2.2695,36
Kochi,2012,0.447,30.67,30.22,23.42,0.9287,-2.0918,2.4359,35
Kochi,2013,0.2945,31.05,30.75,23.99,1.2974,-4.5866,2.4734,31
Kochi,2014,0.475,31.15,30.68,23.78,0.8451,-1.7823,2.7121,39
Kochi,2015,0.4772,30.86,30.38,24.11,0.9854,-2.0511,2.4658,37
Kochi,2016,0.6303,31.16,30.53,24.21,0.8085,-0.9703,3.2191,38
Kochi,2017,0.6229,31.63,31.0,23.86,1.0227,-1.5758,4.2012,33
Kochi,2018,0.6432,31.49,30.85,23.9,0.7766,-1.3579,2.3143,33
Kochi,2019,0.5233,31.43,30.91,24.56,0.9049,-0.9564,2.6676,34
Kochi,2020,0.5687,31.79,31.22,24.34,0.9207,-2.2487,2.2074,35
Kochi,2021,0.6789,31.05,30.37,24.11,0.9377,-1.1767,3.1812,30
Kochi,2022,0.501,30.83,30.33,24.25,0.8167,-2.2251,1.8196,33
Kochi,2023,0.5649,30.72,30.15,24.36,0.9042,-1.3304,2.3156,37
Kochi,2024,0.7111,30.8,30.09,24.97,0.8135,-1.6551,2.7641,32
Kolkata,2000,0.1161,29.45,29.33,21.49,0.5026,-1.3836,1.028,30
Kolkata,2001,0.169,28.66,28.49,20.37,0.5084,-0.5994,1.5302,34
Kolkata,2002,0.1795,28.63,28.45,20.8,0.4781,-0.5538,1.5109,35
Kolkata,2003,0.1564,28.18,28.02,20.38,0.609,-0.8042,1.9397,37
Kolkata,2004,0.1396,28.68,28.54,20.61,0.5296,-0.9709,1.2724,35
Kolkata,2005,0.0243,28.67,28.64,21.04,0.8072,-2.8401,1.6755,38
Kolkata,2006,0.0469,29.25,29.2,20.92,0.4852,-1.1435,1.1831,34
Kolkata,2007,0.0606,28.6,28.54,20.07,0.4346,-0.8808,0.9658,35
Kolkata,2008,0.2484,28.54,28.29,20.75,0.5823,-1.045,1.3062,35
Kolkata,2009,0.2693,29.34,29.07,21.57,0.4854,-0.7497,1.3195,37
Kolkata,2010,0.1859,28.7,28.52,20.95,0.5371,-0.7544,1.2021,35
Kolkata,2011,0.2527,28.89,28.64,20.42,0.7797,-1.7673,2.8948,36
Kolkata,2012,0.3288,28.89,28.56,20.67,0.5842,-0.4937,2.7521,36
Kolkata,2013,0.2432,29.02,28.77,20.41,0.6033,-1.7672,1.253,35
Kolkata,2014,0.4713,29.16,28.69,20.89,0.6303,-0.7588,2.3182,36
Kolkata,2015,0.4937,29.13,28.64,21.11,0.4707,-0.7686,1.4118,33
Kolkata,2016,0.473,29.38,28.91,21.6,0.7174,-1.2381,2.2419,36
Kolkata,2017,0.4511,29.21,28.75,21.52,0.548,-1.0713,1.8942,36
Kolkata,2018,0.6377,29.22,28.59,21.13,0.5668,-0.2803,2.0916,38
Kolkata,2019,0.527,28.82,28.29,21.07,0.6469,-1.0276,2.2724,34
Kolkata,2020,0.582,29.04,28.46,20.43,0.7212,-1.3823,2.4494,35
Kolkata,2021,0.4401,29.48,29.04,21.22,0.4854,-0.5664,1.8731,31
Kolkata,2022,0.4424,28.5,28.06,20.34,0.4777,-0.7963,1.2822,33
Kolkata,2023,0.3424,29.02,28.68,22.36,0.7091,-1.775,1.3857,36
Kolkata,2024,0.4748,28.27,27.8,22.22,0.6884,-1.4475,1.5961,33
Mumbai,2000,-1.9412,32.6,34.54,22.03,2.437,-5.5394,3.8279,33
Mumbai,2001,-2.9227,32.37,35.29,22.1,2.3818,-6.428,1.818,36
Mumbai,2002,-2.6927,32.41,35.1,22.5,2.0516,-6.3507,1.1099,39
Mumbai,2003,-3.1849,32.41,35.6,22.82,2.3744,-7.0883,1.09,36
Mumbai,2004,-2.3265,31.98,34.31,22.38,2.089,-5.8107,2.3325,38
Mumbai,2005,-3.1027,32.34,35.45,22.36,2.3444,-6.7087,1.9521,35
Mumbai,2006,-2.7146,31.88,34.59,22.86,2.2073,-7.852,1.188,38
Mumbai,2007,-2.8558,32.03,34.89,22.71,2.0271,-6.0884,1.0107,36
Mumbai,2008,-2.9663,32.04,35.01,22.56,1.7636,-5.8862,0.4133,35
Mumbai,2009,-3.195,32.67,35.87,23.14,2.1942,-6.4462,1.0989,35
Mumbai,2010,-2.3943,31.39,33.78,22.89,2.1943,-5.8686,1.6725,37
Mumbai,2011,-2.4634,31.75,34.21,22.38,2.1511,-7.3332,2.378,36
Mumbai,2012,-2.762,31.45,34.21,22.14,2.2046,-6.9688,1.3092,38
Mumbai,2013,-2.9664,31.67,34.64,22.46,2.1018,-6.6687,1.2669,34
Mumbai,2014,-2.9745,32.1,35.08,22.88,2.0801,-7.3285,1.1683,37
Mumbai,2015,-2.8311,32.11,34.94,23.12,2.226,-7.6278,2.0793,37
Mumbai,2016,-3.1705,32.51,35.68,22.84,2.4453,-10.1894,3.7639,34
Mumbai,2017,-2.4702,31.57,34.04,22.75,2.0896,-5.6574,1.3758,37
Mumbai,2018,-2.6713,31.85,34.52,23.04,2.3455,-8.8877,3.992,35
Mumbai,2019,-2.7314,31.69,34.42,22.82,2.1975,-6.2072,1.2039,36
Mumbai,2020,-2.625,31.64,34.26,23.3,2.1879,-7.2857,1.7906,35
Mumbai,2021,-2.2551,31.32,33.57,22.99,1.8663,-6.4111,0.6665,36
Mumbai,2022,-2.2421,31.02,33.26,22.96,1.7242,-5.3037,0.7604,37
Mumbai,2023,-2.601,31.18,33.78,23.59,1.7369,-6.0501,0.2625,38
Mumbai,2024,-2.2808,30.65,32.93,23.73,1.7138,-6.0252,0.5249,34
Pune,2000,-0.1775,37.84,38.02,18.85,2.1047,-11.5567,2.2299,35
Pune,2001,0.3336,37.82,37.49,19.24,1.3686,-1.8797,7.01,38
Pune,2002,0.0281,37.41,37.39,19.75,0.8562,-2.2613,1.9255,42
Pune,2003,-0.0468,38.25,38.3,19.99,1.0857,-3.7932,1.6976,38
Pune,2004,0.3151,37.5,37.19,19.54,0.6845,-1.8921,1.7211,39
Pune,2005,0.0852,36.77,36.68,19.34,0.7982,-2.9432,1.2921,39
Pune,2006,0.1938,36.42,36.23,19.76,0.6908,-2.257,1.4363,37
Pune,2007,0.6,36.94,36.34,20.0,1.3558,-1.5277,7.8033,39
Pune,2008,0.3871,36.72,36.33,19.62,0.6281,-0.679,2.8707,37
Pune,2009,0.1552,36.33,36.17,20.29,0.7694,-1.5994,2.4061,38
Pune,2010,0.4234,35.65,35.22,20.37,0.8088,-1.7806,3.6945,37
Pune,2011,0.127,35.52,35.39,19.64,1.2551,-5.1495,4.867,37
Pune,2012,-0.089,36.52,36.61,20.13,2.0843,-10.0525,7.2438,39
Pune,2013,0.1266,36.25,36.13,20.41,0.9547,-1.8679,2.7856,38
Pune,2014,0.2705,35.97,35.69,20.43,0.8525,-2.4741,2.4398,42
Pune,2015,0.3127,35.65,35.34,20.66,0.9009,-1.1527,3.428,40
Pune,2016,-0.031,36.45,36.48,20.35,0.7912,-2.6531,1.8386,37
Pune,2017,0.1087,35.99,35.89,20.53,0.8694,-1.26,2.2901,39
Pune,2018,-0.0316,36.06,36.09,20.76,0.8628,-2.8833,2.8298,38
Pune,2019,-0.027,36.21,36.24,21.23,1.102,-1.3958,3.9458,37
Pune,2020,0.1352,34.99,34.85,21.09,0.6332,-1.7112,1.8904,37
Pune,2021,0.1165,34.19,34.07,20.69,1.2418,-2.3948,5.2321,39
Pune,2022,-0.0267,34.71,34.74,21.02,0.5242,-1.0682,1.4526,32
Pune,2023,-0.0276,33.77,33.79,21.12,0.8892,-2.8273,2.762,41
Pune,2024,0.066,33.06,32.99,21.76,0.843,-1.5527,2.8058,35
Surat,2000,-0.5071,35.16,35.67,20.98,0.5602,-2.3227,0.375,31
Surat,2001,-0.3898,34.8,35.19,20.21,0.4464,-1.3843,1.0626,36
Surat,2002,-0.4338,34.15,34.58,20.37,1.2781,-7.1467,1.7453,36
Surat,2003,-0.392,33.65,34.04,21.16,0.7423,-4.0305,0.7799,38
Surat,2004,-0.383,33.58,33.96,20.59,0.6867,-4.0673,0.3273,40
Surat,2005,-0.214,34.24,34.45,20.41,0.5327,-1.5119,1.2049,36
Surat,2006,-0.2361,33.89,34.13,20.91,0.5272,-2.0226,1.4369,36
Surat,2007,-0.2081,33.59,33.8,21.22,0.5107,-1.8198,1.3246,39
Surat,2008,-0.4372,33.36,33.8,20.4,0.6531,-2.5904,0.3292,36
Surat,2009,-0.1468,34.21,34.36,21.59,0.5013,-1.5107,0.9833,38
Surat,2010,-0.083,34.07,34.15,21.85,0.4298,-1.4053,0.9178,36
Surat,2011,-0.2669,33.92,34.19,20.78,0.4708,-2.5422,0.5205,33
Surat,2012,-0.2256,33.66,33.89,20.27,0.4969,-1.0723,1.3949,35
Surat,2013,-0.1965,34.02,34.22,21.22,0.6061,-2.7257,1.2544,34
Surat,2014,-0.4215,33.92,34.34,21.48,0.5401,-2.5773,0.5196,36
Surat,2015,-0.4518,33.52,33.97,21.76,0.5033,-2.4804,0.6272,39
Surat,2016,-0.342,33.47,33.82,21.31,0.7738,-2.5729,1.4622,39
Surat,2017,-0.4425,33.37,33.81,21.2,0.5801,-2.6042,0.6229,38
Surat,2018,-0.3199,34.32,34.64,21.71,0.4749,-1.4405,1.3511,36
Surat,2019,-0.1381,34.01,34.15,21.64,0.3382,-0.5692,1.0781,34
Surat,2020,-0.3246,32.76,33.08,22.15,0.7063,-3.0692,0.5412,38
Surat,2021,-0.3926,32.57,32.97,21.84,0.6278,-2.4556,0.8097,36
Surat,2022,-0.206,32.7,32.9,21.76,0.5454,-1.5406,0.9553,37
Surat,2023,-0.2,33.03,33.23,22.56,0.5525,-1.4155,0.9226,35
Surat,2024,-0.0191,31.96,31.98,22.86,0.5126,-0.7446,1.1337,34
